RFCodeID,rc_rf_cfg_code,rc_vendor
41,N01A-M4-1-v1,Nokia
56,E01A-M3-1-v1,Ericsson
67,E01A-M2-1-v1,Ericsson
275,N01A-M2-1-v1,Nokia
853,E01A-M4-1-v1,Ericsson
1128,N01A-M3-1-v1,Nokia
138,E01A-M2-2-v1,Ericsson
169,E01A-M3-2-v1,Ericsson
229,N01A-M4-2-v1,Nokia
484,N01A-M3-2-v1,Nokia
794,N01A-M2-2-v1,Nokia
825,E01A-M4-2-v1,Ericsson
191,E01B-M2-1-v1,Ericsson
204,E01B-M3-1-v1,Ericsson
768,N01B-M2-1-v1,Nokia
1029,N01B-M3-1-v1,Nokia
1061,N01B-M4-1-v1,Nokia
1103,E01B-M4-1-v1,Ericsson
3,N01B-M2-2-v1,Nokia
200,E01B-M2-2-v1,Ericsson
304,E01B-M3-2-v1,Ericsson
1122,E01B-M4-2-v1,Ericsson
1142,N01B-M3-2-v1,Nokia
1344,N01B-M4-2-v1,Nokia
96,E01B-M3-3-v1,Ericsson
212,N01B-M3-3-v1,Nokia
327,E01B-M2-3-v1,Ericsson
797,N01B-M4-3-v1,Nokia
856,N01B-M2-3-v1,Nokia
1136,E01B-M4-3-v1,Ericsson
37,E02A-M3-1-v1,Ericsson
231,E02A-M2-1-v1,Ericsson
889,N02A-M2-1-v1,Nokia
939,E02A-M4-1-v1,Ericsson
1087,N02A-M4-1-v1,Nokia
1114,N02A-M3-1-v1,Nokia
14,E02A-M2-2-v1,Ericsson
265,N02A-M2-2-v1,Nokia
330,E02A-M4-2-v1,Ericsson
389,E02A-M3-2-v1,Ericsson
1108,N02A-M4-2-v1,Nokia
1158,N02A-M3-2-v1,Nokia
63,N02B-M4-1-v1,Nokia
120,E02B-M3-1-v1,Ericsson
266,E02B-M4-1-v1,Ericsson
268,E02B-M2-1-v1,Ericsson
395,N02B-M2-1-v1,Nokia
1173,N02B-M3-1-v1,Nokia
368,N02B-M2-2-v1,Nokia
492,E02B-M3-2-v1,Ericsson
527,E02B-M2-2-v1,Ericsson
539,N02B-M3-2-v1,Nokia
561,N02B-M4-2-v1,Nokia
704,E02B-M4-2-v1,Ericsson
158,E02B-M4-3-v1,Ericsson
481,E02B-M3-3-v1,Ericsson
494,N02B-M4-3-v1,Nokia
518,E02B-M2-3-v1,Ericsson
828,N02B-M2-3-v1,Nokia
931,N02B-M3-3-v1,Nokia
161,N03A-M2-1-v1,Nokia
175,E03A-M4-1-v1,Ericsson
488,E03A-M2-1-v1,Ericsson
570,N03A-M3-1-v1,Nokia
603,E03A-M3-1-v1,Ericsson
1388,N03A-M4-1-v1,Nokia
298,E03A-M4-2-v1,Ericsson
334,E03A-M3-2-v1,Ericsson
592,N03A-M2-2-v1,Nokia
812,E03A-M2-2-v1,Ericsson
1186,N03A-M3-2-v1,Nokia
1233,N03A-M4-2-v1,Nokia
353,E03A-M2-4-v1,Ericsson
386,E03A-M4-4-v1,Ericsson
633,E03A-M3-4-v1,Ericsson
699,N03A-M3-4-v1,Nokia
1274,N03A-M4-4-v1,Nokia
1349,N03A-M2-4-v1,Nokia
536,E03B-M3-1-v1,Ericsson
883,E03B-M2-1-v1,Ericsson
1117,N03B-M3-1-v1,Nokia
1247,N03B-M4-1-v1,Nokia
1319,E03B-M4-1-v1,Ericsson
1383,N03B-M2-1-v1,Nokia
249,E03B-M4-2-v1,Ericsson
277,E03B-M3-2-v1,Ericsson
702,E03B-M2-2-v1,Ericsson
1036,N03B-M4-2-v1,Nokia
1095,N03B-M3-2-v1,Nokia
1260,N03B-M2-2-v1,Nokia
76,N03B-M2-3-v1,Nokia
245,E03B-M3-3-v1,Ericsson
285,E03B-M2-3-v1,Ericsson
322,E03B-M4-3-v1,Ericsson
742,N03B-M3-3-v1,Nokia
1107,N03B-M4-3-v1,Nokia
58,N03B-M3-4-v1,Nokia
77,E03B-M4-4-v1,Ericsson
568,E03B-M3-4-v1,Ericsson
782,E03B-M2-4-v1,Ericsson
941,N03B-M4-4-v1,Nokia
1371,N03B-M2-4-v1,Nokia
495,N04A-M4-1-v1,Nokia
607,ENI04A-M4-1-v1,Ericsson (Northern Ireland)
619,E04A-M2-1-v1,Ericsson
741,N04A-M3-1-v1,Nokia
809,ENI04A-M3-1-v1,Ericsson (Northern Ireland)
1032,E04A-M4-1-v1,Ericsson
1088,N04A-M2-1-v1,Nokia
1155,ENI04A-M2-1-v1,Ericsson (Northern Ireland)
1199,E04A-M3-1-v1,Ericsson
79,E04A-M2-2-v1,Ericsson
240,N04A-M4-2-v1,Nokia
414,E04A-M4-2-v1,Ericsson
583,ENI04A-M4-2-v1,Ericsson (Northern Ireland)
686,ENI04A-M2-2-v1,Ericsson (Northern Ireland)
750,E04A-M3-2-v1,Ericsson
1067,ENI04A-M3-2-v1,Ericsson (Northern Ireland)
1109,N04A-M2-2-v1,Nokia
1317,N04A-M3-2-v1,Nokia
148,N04A-M2-4-v1,Nokia
355,E04A-M4-4-v1,Ericsson
670,E04A-M3-4-v1,Ericsson
852,E04A-M2-4-v1,Ericsson
1134,N04A-M3-4-v1,Nokia
1198,N04A-M4-4-v1,Nokia
66,N04B-M2-1-v1,Nokia
197,E04B-M2-1-v1,Ericsson
279,E04B-M3-1-v1,Ericsson
636,ENI04B-M4-1-v1,Ericsson (Northern Ireland)
780,ENI04B-M3-1-v1,Ericsson (Northern Ireland)
881,N04B-M3-1-v1,Nokia
962,E04B-M4-1-v1,Ericsson
1318,ENI04B-M2-1-v1,Ericsson (Northern Ireland)
1375,N04B-M4-1-v1,Nokia
142,N04B-M2-2-v1,Nokia
486,E04B-M4-2-v1,Ericsson
585,E04B-M2-2-v1,Ericsson
847,N04B-M3-2-v1,Nokia
870,ENI04B-M3-2-v1,Ericsson (Northern Ireland)
953,E04B-M3-2-v1,Ericsson
997,N04B-M4-2-v1,Nokia
1297,ENI04B-M2-2-v1,Ericsson (Northern Ireland)
1350,ENI04B-M4-2-v1,Ericsson (Northern Ireland)
166,N04B-M4-3-v1,Nokia
507,ENI04B-M4-3-v1,Ericsson (Northern Ireland)
635,N04B-M3-3-v1,Nokia
662,E04B-M4-3-v1,Ericsson
893,N04B-M2-3-v1,Nokia
1024,ENI04B-M3-3-v1,Ericsson (Northern Ireland)
1034,E04B-M2-3-v1,Ericsson
1184,E04B-M3-3-v1,Ericsson
1259,ENI04B-M2-3-v1,Ericsson (Northern Ireland)
121,E04B-M3-4-v1,Ericsson
151,N04B-M2-4-v1,Nokia
661,E04B-M4-4-v1,Ericsson
728,N04B-M4-4-v1,Nokia
848,N04B-M3-4-v1,Nokia
981,E04B-M2-4-v1,Ericsson
228,ENI05A-M4-1-v1,Ericsson (Northern Ireland)
408,ENI05A-M3-1-v1,Ericsson (Northern Ireland)
865,E05A-M3-1-v1,Ericsson
885,E05A-M2-1-v1,Ericsson
1216,N05A-M3-1-v1,Nokia
1279,ENI05A-M2-1-v1,Ericsson (Northern Ireland)
1283,N05A-M2-1-v1,Nokia
1330,E05A-M4-1-v1,Ericsson
1384,N05A-M4-1-v1,Nokia
227,N05A-M2-2-v1,Nokia
319,N05A-M3-2-v1,Nokia
707,E05A-M4-2-v1,Ericsson
764,N05A-M4-2-v1,Nokia
929,E05A-M3-2-v1,Ericsson
964,E05A-M2-2-v1,Ericsson
40,N05B-M4-1-v1,Nokia
555,ENI05B-M4-1-v1,Ericsson (Northern Ireland)
671,E05B-M3-1-v1,Ericsson
907,E05B-M2-1-v1,Ericsson
972,E05B-M4-1-v1,Ericsson
1046,ENI05B-M3-1-v1,Ericsson (Northern Ireland)
1059,ENI05B-M2-1-v1,Ericsson (Northern Ireland)
1096,N05B-M3-1-v1,Nokia
1341,N05B-M2-1-v1,Nokia
39,N05B-M2-2-v1,Nokia
618,N05B-M4-2-v1,Nokia
751,E05B-M3-2-v1,Ericsson
932,E05B-M2-2-v1,Ericsson
993,E05B-M4-2-v1,Ericsson
1094,ENI05B-M3-2-v1,Ericsson (Northern Ireland)
1237,N05B-M3-2-v1,Nokia
1261,ENI05B-M4-2-v1,Ericsson (Northern Ireland)
1386,ENI05B-M2-2-v1,Ericsson (Northern Ireland)
118,N05B-M2-3-v1,Nokia
556,N05B-M4-3-v1,Nokia
725,E05B-M3-3-v1,Ericsson
1014,E05B-M2-3-v1,Ericsson
1068,N05B-M3-3-v1,Nokia
1343,E05B-M4-3-v1,Ericsson
174,N06A-M2-1-v1,Nokia
374,E06A-M2-1-v1,Ericsson
778,E06A-M3-1-v1,Ericsson
1018,E06A-M4-1-v1,Ericsson
1135,N06A-M3-1-v1,Nokia
1308,N06A-M4-1-v1,Nokia
371,E06A-M2-2-v1,Ericsson
482,E06A-M3-2-v1,Ericsson
529,E06A-M4-2-v1,Ericsson
753,N06A-M3-2-v1,Nokia
944,N06A-M2-2-v1,Nokia
1138,N06A-M4-2-v1,Nokia
80,E06A-M2-4-v1,Ericsson
540,N06A-M3-4-v1,Nokia
625,E06A-M4-4-v1,Ericsson
921,N06A-M2-4-v1,Nokia
952,E06A-M3-4-v1,Ericsson
1285,N06A-M4-4-v1,Nokia
397,N06B-M2-1-v1,Nokia
901,E06B-M3-1-v1,Ericsson
973,E06B-M4-1-v1,Ericsson
1151,N06B-M3-1-v1,Nokia
1183,N06B-M4-1-v1,Nokia
1373,E06B-M2-1-v1,Ericsson
97,E06B-M3-2-v1,Ericsson
201,N06B-M2-2-v1,Nokia
524,E06B-M4-2-v1,Ericsson
1154,E06B-M2-2-v1,Ericsson
1170,N06B-M4-2-v1,Nokia
1207,N06B-M3-2-v1,Nokia
451,E06B-M4-3-v1,Ericsson
667,N06B-M4-3-v1,Nokia
685,E06B-M2-3-v1,Ericsson
837,E06B-M3-3-v1,Ericsson
922,N06B-M2-3-v1,Nokia
1191,N06B-M3-3-v1,Nokia
593,N06B-M2-4-v1,Nokia
807,E06B-M3-4-v1,Ericsson
924,E06B-M4-4-v1,Ericsson
954,N06B-M3-4-v1,Nokia
1153,N06B-M4-4-v1,Nokia
1197,E06B-M2-4-v1,Ericsson
109,E07A-M2-1-v1,Ericsson
523,N07A-M2-1-v1,Nokia
525,N07A-M4-1-v1,Nokia
626,E07A-M4-1-v1,Ericsson
882,N07A-M3-1-v1,Nokia
1113,E07A-M3-1-v1,Ericsson
143,E07A-M2-2-v1,Ericsson
170,E07A-M3-2-v1,Ericsson
222,N07A-M3-2-v1,Nokia
329,N07A-M2-2-v1,Nokia
621,N07A-M4-2-v1,Nokia
994,E07A-M4-2-v1,Ericsson
187,E07A-M2-4-v1,Ericsson
587,N07A-M4-4-v1,Nokia
945,E07A-M4-4-v1,Ericsson
1031,N07A-M3-4-v1,Nokia
1157,N07A-M2-4-v1,Nokia
1185,E07A-M3-4-v1,Ericsson
485,E07B-M2-1-v1,Ericsson
793,N07B-M4-1-v1,Nokia
866,E07B-M3-1-v1,Ericsson
1030,N07B-M3-1-v1,Nokia
1086,E07B-M4-1-v1,Ericsson
1248,N07B-M2-1-v1,Nokia
57,E07B-M3-2-v1,Ericsson
588,N07B-M4-2-v1,Nokia
606,E07B-M2-2-v1,Ericsson
627,E07B-M4-2-v1,Ericsson
700,N07B-M3-2-v1,Nokia
829,N07B-M2-2-v1,Nokia
297,E07B-M2-3-v1,Ericsson
331,E07B-M4-3-v1,Ericsson
434,N07B-M2-3-v1,Nokia
930,E07B-M3-3-v1,Ericsson
1016,N07B-M4-3-v1,Nokia
1208,N07B-M3-3-v1,Nokia
75,E07B-M2-4-v1,Ericsson
376,N07B-M2-4-v1,Nokia
730,N07B-M4-4-v1,Nokia
739,E07B-M3-4-v1,Ericsson
1069,N07B-M3-4-v1,Nokia
1309,E07B-M4-4-v1,Ericsson
226,E08A-M2-1-v1,Ericsson
433,N08A-M2-1-v1,Nokia
571,N08A-M3-1-v1,Nokia
649,N08A-M4-1-v1,Nokia
1043,E08A-M3-1-v1,Ericsson
1085,E08A-M4-1-v1,Ericsson
248,E08A-M2-2-v1,Ericsson
438,N08A-M4-2-v1,Nokia
1104,E08A-M4-2-v1,Ericsson
1169,N08A-M2-2-v1,Nokia
1180,N08A-M3-2-v1,Nokia
1257,E08A-M3-2-v1,Ericsson
147,E08A-M2-4-v1,Ericsson
300,N08A-M2-4-v1,Nokia
380,N08A-M3-4-v1,Nokia
680,E08A-M3-4-v1,Ericsson
687,N08A-M4-4-v1,Nokia
850,E08A-M4-4-v1,Ericsson
193,N08B-M4-1-v1,Nokia
320,N08B-M3-1-v1,Nokia
582,E08B-M2-1-v1,Ericsson
1002,E08B-M3-1-v1,Ericsson
1056,E08B-M4-1-v1,Ericsson
1152,N08B-M2-1-v1,Nokia
59,N08B-M3-2-v1,Nokia
78,E08B-M4-2-v1,Ericsson
542,E08B-M2-2-v1,Ericsson
902,E08B-M3-2-v1,Ericsson
969,N08B-M4-2-v1,Nokia
1015,N08B-M2-2-v1,Nokia
173,E08B-M2-3-v1,Ericsson
980,N08B-M3-3-v1,Nokia
1039,N08B-M4-3-v1,Nokia
1206,E08B-M3-3-v1,Ericsson
1210,E08B-M4-3-v1,Ericsson
1262,N08B-M2-3-v1,Nokia
281,E08B-M3-4-v1,Ericsson
413,E08B-M2-4-v1,Ericsson
963,E08B-M4-4-v1,Ericsson
1006,N08B-M3-4-v1,Nokia
1080,N08B-M2-4-v1,Nokia
1362,N08B-M4-4-v1,Nokia
38,ENI09A-M3-1-v1,Ericsson (Northern Ireland)
296,E09A-M2-1-v1,Ericsson
358,N09A-M4-1-v1,Nokia
591,ENI09A-M2-1-v1,Ericsson (Northern Ireland)
703,ENI09A-M4-1-v1,Ericsson (Northern Ireland)
810,N09A-M3-1-v1,Nokia
1120,E09A-M4-1-v1,Ericsson
1124,E09A-M3-1-v1,Ericsson
1182,N09A-M2-1-v1,Nokia
321,E09A-M2-2-v1,Ericsson
452,N09A-M2-2-v1,Nokia
483,ENI09A-M3-2-v1,Ericsson (Northern Ireland)
487,ENI09A-M4-2-v1,Ericsson (Northern Ireland)
586,E09A-M4-2-v1,Ericsson
729,N09A-M4-2-v1,Nokia
903,E09A-M3-2-v1,Ericsson
1119,N09A-M3-2-v1,Nokia
1387,ENI09A-M2-2-v1,Ericsson (Northern Ireland)
369,E09A-M2-4-v1,Ericsson
439,E09A-M4-4-v1,Ericsson
743,N09A-M3-4-v1,Nokia
765,N09A-M4-4-v1,Nokia
1196,N09A-M2-4-v1,Nokia
1203,E09A-M3-4-v1,Ericsson
106,E09B-M2-1-v1,Ericsson
172,N09B-M3-1-v1,Nokia
323,ENI09B-M4-1-v1,Ericsson (Northern Ireland)
637,E09B-M4-1-v1,Ericsson
732,ENI09B-M2-1-v1,Ericsson (Northern Ireland)
779,E09B-M3-1-v1,Ericsson
840,ENI09B-M3-1-v1,Ericsson (Northern Ireland)
886,N09B-M2-1-v1,Nokia
1057,N09B-M4-1-v1,Nokia
64,E09B-M2-2-v1,Ericsson
241,E09B-M4-2-v1,Ericsson
659,ENI09B-M2-2-v1,Ericsson (Northern Ireland)
752,ENI09B-M3-2-v1,Ericsson (Northern Ireland)
824,N09B-M2-2-v1,Nokia
867,E09B-M3-2-v1,Ericsson
1078,N09B-M4-2-v1,Nokia
1118,N09B-M3-2-v1,Nokia
1320,ENI09B-M4-2-v1,Ericsson (Northern Ireland)
232,N09B-M4-3-v1,Nokia
326,N09B-M2-3-v1,Nokia
393,E09B-M2-3-v1,Ericsson
409,ENI09B-M3-3-v1,Ericsson (Northern Ireland)
572,N09B-M3-3-v1,Nokia
689,ENI09B-M2-3-v1,Ericsson (Northern Ireland)
808,E09B-M3-3-v1,Ericsson
1081,ENI09B-M4-3-v1,Ericsson (Northern Ireland)
1263,E09B-M4-3-v1,Ericsson
243,E09B-M2-4-v1,Ericsson
665,N09B-M2-4-v1,Nokia
791,E09B-M4-4-v1,Ericsson
1023,E09B-M3-4-v1,Ericsson
1102,N09B-M4-4-v1,Nokia
1167,N09B-M3-4-v1,Nokia
250,ENI10A-M2-1-v1,Ericsson (Northern Ireland)
394,E10A-M2-1-v1,Ericsson
624,N10A-M2-1-v1,Nokia
781,N10A-M4-1-v1,Nokia
966,E10A-M4-1-v1,Ericsson
996,ENI10A-M4-1-v1,Ericsson (Northern Ireland)
1003,E10A-M3-1-v1,Ericsson
1209,N10A-M3-1-v1,Nokia
1316,ENI10A-M3-1-v1,Ericsson (Northern Ireland)
215,N10A-M2-2-v1,Nokia
390,E10A-M3-2-v1,Ericsson
470,E10A-M2-2-v1,Ericsson
471,E10A-M4-2-v1,Ericsson
811,N10A-M4-2-v1,Nokia
904,N10A-M3-2-v1,Nokia
162,N10B-M2-1-v1,Nokia
206,E10B-M3-1-v1,Ericsson
237,ENI10B-M4-1-v1,Ericsson (Northern Ireland)
436,E10B-M4-1-v1,Ericsson
519,E10B-M2-1-v1,Ericsson
698,ENI10B-M3-1-v1,Ericsson (Northern Ireland)
920,ENI10B-M2-1-v1,Ericsson (Northern Ireland)
1121,N10B-M4-1-v1,Nokia
1217,N10B-M3-1-v1,Nokia
312,ENI10B-M3-2-v1,Ericsson (Northern Ireland)
658,E10B-M2-2-v1,Ericsson
858,ENI10B-M4-2-v1,Ericsson (Northern Ireland)
884,N10B-M4-2-v1,Nokia
1048,N10B-M3-2-v1,Nokia
1065,E10B-M3-2-v1,Ericsson
1079,ENI10B-M2-2-v1,Ericsson (Northern Ireland)
1172,N10B-M2-2-v1,Nokia
1305,E10B-M4-2-v1,Ericsson
61,E10B-M4-3-v1,Ericsson
98,E10B-M3-3-v1,Ericsson
324,N10B-M4-3-v1,Nokia
522,N10B-M2-3-v1,Nokia
664,E10B-M2-3-v1,Ericsson
1278,N10B-M3-3-v1,Nokia
105,E11A-M2-1-v1,Ericsson
140,N11A-M2-1-v1,Nokia
325,N11A-M3-1-v1,Nokia
851,N11A-M4-1-v1,Nokia
868,E11A-M3-1-v1,Ericsson
1137,E11A-M4-1-v1,Ericsson
163,E11A-M4-2-v1,Ericsson
302,N11A-M3-2-v1,Nokia
305,E11A-M3-2-v1,Ericsson
328,E11A-M2-2-v1,Ericsson
1083,N11A-M2-2-v1,Nokia
1351,N11A-M4-2-v1,Nokia
62,N11A-M2-4-v1,Nokia
270,E11A-M2-4-v1,Ericsson
283,E11A-M3-4-v1,Ericsson
493,E11A-M4-4-v1,Ericsson
860,N11A-M4-4-v1,Nokia
1321,N11A-M3-4-v1,Nokia
117,E11B-M3-1-v1,Ericsson
186,N11B-M3-1-v1,Nokia
410,N11B-M4-1-v1,Nokia
560,E11B-M4-1-v1,Ericsson
726,E11B-M2-1-v1,Ericsson
991,N11B-M2-1-v1,Nokia
230,N11B-M4-2-v1,Nokia
372,E11B-M2-2-v1,Ericsson
496,E11B-M3-2-v1,Ericsson
543,E11B-M4-2-v1,Ericsson
905,N11B-M3-2-v1,Nokia
1106,N11B-M2-2-v1,Nokia
242,E11B-M2-3-v1,Ericsson
453,N11B-M4-3-v1,Nokia
740,E11B-M3-3-v1,Ericsson
995,E11B-M4-3-v1,Ericsson
1076,N11B-M3-3-v1,Nokia
1230,N11B-M2-3-v1,Nokia
272,E11B-M2-4-v1,Ericsson
537,E11B-M3-4-v1,Ericsson
754,N11B-M3-4-v1,Nokia
1037,E11B-M4-4-v1,Ericsson
1040,N11B-M4-4-v1,Nokia
1156,N11B-M2-4-v1,Nokia
141,N12A-M4-1-v1,Nokia
392,E12A-M4-1-v1,Ericsson
520,E12A-M2-1-v1,Ericsson
849,N12A-M3-1-v1,Nokia
906,N12A-M2-1-v1,Nokia
978,E12A-M3-1-v1,Ericsson
108,N12A-M4-2-v1,Nokia
159,E12A-M2-2-v1,Ericsson
891,E12A-M4-2-v1,Ericsson
1077,N12A-M3-2-v1,Nokia
1097,N12A-M2-2-v1,Nokia
1127,E12A-M3-2-v1,Ericsson
489,E12A-M2-4-v1,Ericsson
569,E12A-M3-4-v1,Ericsson
628,N12A-M4-4-v1,Nokia
727,N12A-M2-4-v1,Nokia
955,N12A-M3-4-v1,Nokia
1171,E12A-M4-4-v1,Ericsson
468,E12B-M4-1-v1,Ericsson
541,N12B-M3-1-v1,Nokia
767,E12B-M2-1-v1,Ericsson
769,N12B-M4-1-v1,Nokia
869,E12B-M3-1-v1,Ericsson
1284,N12B-M2-1-v1,Nokia
137,E12B-M3-2-v1,Ericsson
267,N12B-M2-2-v1,Nokia
708,N12B-M4-2-v1,Nokia
790,E12B-M2-2-v1,Ericsson
1168,N12B-M3-2-v1,Nokia
1232,E12B-M4-2-v1,Ericsson
246,E12B-M3-3-v1,Ericsson
450,N12B-M2-3-v1,Nokia
526,E12B-M4-3-v1,Ericsson
823,E12B-M2-3-v1,Ericsson
1140,N12B-M4-3-v1,Nokia
1223,N12B-M3-3-v1,Nokia
558,E12B-M2-4-v1,Ericsson
589,N12B-M2-4-v1,Nokia
681,E12B-M3-4-v1,Ericsson
975,N12B-M4-4-v1,Nokia
1246,N12B-M3-4-v1,Nokia
1322,E12B-M4-4-v1,Ericsson
104,E13A-M2-1-v1,Ericsson
469,N13A-M4-1-v1,Nokia
701,N13A-M3-1-v1,Nokia
1045,E13A-M3-1-v1,Ericsson
1213,N13A-M2-1-v1,Nokia
1231,E13A-M4-1-v1,Ericsson
102,N13A-M2-2-v1,Nokia
274,E13A-M2-2-v1,Ericsson
684,E13A-M3-2-v1,Ericsson
892,N13A-M4-2-v1,Nokia
1181,N13A-M3-2-v1,Nokia
1264,E13A-M4-2-v1,Ericsson
332,E13A-M4-4-v1,Ericsson
590,E13A-M2-4-v1,Ericsson
604,E13A-M3-4-v1,Ericsson
1060,N13A-M2-4-v1,Nokia
1245,N13A-M3-4-v1,Nokia
1328,N13A-M4-4-v1,Nokia
273,E13B-M2-1-v1,Ericsson
622,N13B-M2-1-v1,Nokia
838,E13B-M3-1-v1,Ericsson
857,E13B-M4-1-v1,Ericsson
1082,N13B-M4-1-v1,Nokia
1105,N13B-M3-1-v1,Nokia
160,E13B-M2-2-v1,Ericsson
440,N13B-M4-2-v1,Nokia
826,N13B-M2-2-v1,Nokia
982,N13B-M3-2-v1,Nokia
1044,E13B-M3-2-v1,Ericsson
1214,E13B-M4-2-v1,Ericsson
490,E13B-M2-3-v1,Ericsson
830,E13B-M4-3-v1,Ericsson
854,N13B-M3-3-v1,Nokia
1004,E13B-M3-3-v1,Ericsson
1307,N13B-M2-3-v1,Nokia
1352,N13B-M4-3-v1,Nokia
81,E13B-M2-4-v1,Ericsson
343,E13B-M3-4-v1,Ericsson
1038,E13B-M4-4-v1,Ericsson
1212,N13B-M2-4-v1,Nokia
1342,N13B-M4-4-v1,Nokia
1372,N13B-M3-4-v1,Nokia
103,E14A-M4-1-v1,Ericsson
247,ENI14A-M3-1-v1,Ericsson (Northern Ireland)
448,N14A-M3-1-v1,Nokia
528,E14A-M2-1-v1,Ericsson
795,N14A-M2-1-v1,Nokia
942,N14A-M4-1-v1,Nokia
1035,ENI14A-M2-1-v1,Ericsson (Northern Ireland)
1066,E14A-M3-1-v1,Ericsson
1374,ENI14A-M4-1-v1,Ericsson (Northern Ireland)
189,N14A-M3-2-v1,Nokia
521,E14A-M2-2-v1,Ericsson
688,ENI14A-M4-2-v1,Ericsson (Northern Ireland)
827,N14A-M4-2-v1,Nokia
839,E14A-M3-2-v1,Ericsson
965,ENI14A-M2-2-v1,Ericsson (Northern Ireland)
971,N14A-M2-2-v1,Nokia
1047,ENI14A-M3-2-v1,Ericsson (Northern Ireland)
1286,E14A-M4-2-v1,Ericsson
276,E14A-M4-4-v1,Ericsson
970,N14A-M2-4-v1,Nokia
979,E14A-M3-4-v1,Ericsson
1353,N14A-M3-4-v1,Nokia
1361,E14A-M2-4-v1,Ericsson
1385,N14A-M4-4-v1,Nokia
60,ENI14B-M2-1-v1,Ericsson (Northern Ireland)
136,E14B-M3-1-v1,Ericsson
188,N14B-M3-1-v1,Nokia
199,N14B-M4-1-v1,Nokia
396,ENI14B-M4-1-v1,Ericsson (Northern Ireland)
538,ENI14B-M3-1-v1,Ericsson (Northern Ireland)
796,N14B-M2-1-v1,Nokia
888,E14B-M2-1-v1,Ericsson
974,E14B-M4-1-v1,Ericsson
171,ENI14B-M3-2-v1,Ericsson (Northern Ireland)
195,E14B-M4-2-v1,Ericsson
370,N14B-M3-2-v1,Nokia
407,E14B-M3-2-v1,Ericsson
437,ENI14B-M4-2-v1,Ericsson (Northern Ireland)
559,ENI14B-M2-2-v1,Ericsson (Northern Ireland)
731,E14B-M2-2-v1,Ericsson
887,N14B-M4-2-v1,Nokia
1017,N14B-M2-2-v1,Nokia
65,N14B-M3-3-v1,Nokia
345,ENI14B-M3-3-v1,Ericsson (Northern Ireland)
605,E14B-M3-3-v1,Ericsson
660,N14B-M2-3-v1,Nokia
855,E14B-M2-3-v1,Ericsson
859,ENI14B-M4-3-v1,Ericsson (Northern Ireland)
919,N14B-M4-3-v1,Nokia
1058,ENI14B-M2-3-v1,Ericsson (Northern Ireland)
1306,E14B-M4-3-v1,Ericsson
5,N14B-M3-4-v1,Nokia
623,E14B-M2-4-v1,Ericsson
666,E14B-M4-4-v1,Ericsson
923,N14B-M2-4-v1,Nokia
1005,E14B-M3-4-v1,Ericsson
1329,N14B-M4-4-v1,Nokia
375,ENI15A-M2-1-v1,Ericsson (Northern Ireland)
435,E15A-M2-1-v1,Ericsson
509,N15A-M3-1-v1,Nokia
967,N15A-M4-1-v1,Nokia
1211,E15A-M4-1-v1,Ericsson
1215,ENI15A-M3-1-v1,Ericsson (Northern Ireland)
1234,N15A-M2-1-v1,Nokia
1236,E15A-M3-1-v1,Ericsson
1389,ENI15A-M4-1-v1,Ericsson (Northern Ireland)
139,E15A-M2-2-v1,Ericsson
766,N15A-M4-2-v1,Nokia
792,E15A-M4-2-v1,Ericsson
943,N15A-M3-2-v1,Nokia
992,N15A-M2-2-v1,Nokia
1141,E15A-M3-2-v1,Ericsson
190,N15B-M3-1-v1,Nokia
311,E15B-M3-1-v1,Ericsson
377,N15B-M2-1-v1,Nokia
473,ENI15B-M4-1-v1,Ericsson (Northern Ireland)
620,E15B-M4-1-v1,Ericsson
798,ENI15B-M3-1-v1,Ericsson (Northern Ireland)
968,E15B-M2-1-v1,Ericsson
1033,N15B-M4-1-v1,Nokia
1139,ENI15B-M2-1-v1,Ericsson (Northern Ireland)
284,E15B-M3-2-v1,Ericsson
391,N15B-M4-2-v1,Nokia
584,E15B-M4-2-v1,Ericsson
706,ENI15B-M2-2-v1,Ericsson (Northern Ireland)
940,E15B-M2-2-v1,Ericsson
1084,N15B-M2-2-v1,Nokia
1123,N15B-M3-2-v1,Nokia
1249,ENI15B-M3-2-v1,Ericsson (Northern Ireland)
1390,ENI15B-M4-2-v1,Ericsson (Northern Ireland)
192,E15B-M4-3-v1,Ericsson
472,N15B-M3-3-v1,Nokia
557,N15B-M4-3-v1,Nokia
890,N15B-M2-3-v1,Nokia
918,E15B-M2-3-v1,Ericsson
1258,E15B-M3-3-v1,Ericsson
340,N6-L-U-G,Nokia
357,N6-L-U-G-i,Nokia
1298,N6-Lr-U-G,Nokia
338,N6-L-U-H,Nokia
1075,N6-L-U-H-i,Nokia
348,N6-Lr-U-H,Nokia
8,N6-L-U-F,Nokia
1311,N6-L-U-F-i,Nokia
337,N6-Lr-U-F,Nokia
48,NR-L-U-A,Ericsson
53,NR-L-M-A,Ericsson
346,NR-L-M-A-a,Ericsson
455,NR-L-M-B,Ericsson
770,NR-L-U-B,Ericsson
381,NR-L-M-B-a,Ericsson
54,NR-L-M-D,Ericsson
360,NR-L-M-D-b,Ericsson
799,NR-L-U-D,Ericsson
745,B3-L-M-A,Ericsson
947,B3-L-U-A,Ericsson
802,B3-L-M-A-a,Ericsson
47,NI-L-U-A,Ericsson
998,NI-L-M-A,Ericsson
423,B3-L-M-B,Ericsson
1174,B3-L-U-B,Ericsson
46,NI-L-U-D,Ericsson
833,NI-L-M-D,Ericsson
499,B3-L-M-B-a,Ericsson
45,NI-L-M-B,Ericsson
744,NI-L-U-B,Ericsson
344,B3-L-M-D-b,Ericsson
1280,B3-L-U-D,Ericsson
1338,B3-L-M-D,Ericsson
26,B3-L-M-C,Ericsson
44,NR-L-U-C,Ericsson
861,B3-L-U-C,Ericsson
946,NR-L-M-C,Ericsson
428,NI-L-U-O,Ericsson
647,NI-L-M-O-b,Ericsson
836,NI-L-M-O,Ericsson
341,NR-L-M-C-a,Ericsson
562,B3-L-M-C-a,Ericsson
49,NI-L-U-C,Ericsson
1378,NI-L-M-C,Ericsson
926,B3-L-M-O,Ericsson
1020,B3(F)-L-M-O,Ericsson
1125,B3-L-M-O-b,Ericsson
1126,B3(F)-L-U-O,Ericsson
1201,B3(F)-L-M-O-b,Ericsson
1235,B3-L-U-O,Ericsson
55,NR2-L-U-C-i2,Nokia
110,NR3-L-U-C,Nokia
128,N3-L-M-C,Nokia
131,N3-L-U-C,Nokia
164,N3-L-U-C-i,Nokia
194,N3-L-M-C-i2,Nokia
210,N2-L-U-C-i2,Nokia
216,NR2-L-M-C,Nokia
219,N3-L-U-C-i2,Nokia
303,N2-L-U-C-i,Nokia
478,N2-L-M-C-i2,Nokia
654,N4-L-U-E,Nokia
910,NR3-L-U-C-i,Nokia
1149,N2-L-M-C,Nokia
1254,NR2-L-M-C-i2,Nokia
1287,NR3-L-M-C-i2,Nokia
1293,N2-L-U-C,Nokia
1337,NR3-L-M-C,Nokia
1363,NR3-L-U-C-i2,Nokia
1376,NR2-L-U-C,Nokia
1380,NR2-L-U-C-i,Nokia
318,N3-L-M-C-i2-b,Nokia
432,N2-L-M-C-a,Nokia
477,NR2-L-M-C-i2-b,Nokia
513,NR3-L-M-C-b,Nokia
552,N2-L-M-C-b,Nokia
576,N3-L-M-C-a,Nokia
737,NR3-L-M-C-i2-b,Nokia
873,N2-L-M-C-i2-b,Nokia
908,N3-L-M-C-b,Nokia
936,NR2-L-M-C-b,Nokia
1011,NR2-L-M-C-a,Nokia
1073,NR3-L-M-C-a,Nokia
71,N2-L-U-B-i2,Nokia
127,N4-L-U-B,Nokia
145,N3-L-U-B,Nokia
167,NR3-L-U-B-i2,Nokia
177,N3-L-U-B-i,Nokia
179,NR3-L-U-B-i,Nokia
225,NR2-L-M-B-i2,Nokia
466,NR3-L-M-B-i2,Nokia
546,NR3-L-U-B,Nokia
655,NR2-L-U-B,Nokia
734,N2-L-M-B,Nokia
755,N3-L-M-B,Nokia
813,NR3-L-M-B,Nokia
956,NR2-L-M-B,Nokia
1178,NR2-L-U-B-i,Nokia
1179,NR2-L-U-B-i2,Nokia
1204,N4-L-U-B-i2,Nokia
1272,N3-L-U-B-i2,Nokia
1275,N3-L-M-B-i2,Nokia
1288,N2-L-M-B-i2,Nokia
1290,N2-L-U-B,Nokia
1358,N2-L-U-B-i,Nokia
129,N2-L-M-B-b,Nokia
430,NR3-L-M-B-a,Nokia
516,NR2-L-M-B-i2-b,Nokia
651,N3-L-M-B-b,Nokia
682,N2-L-M-B-i2-b,Nokia
814,NR2-L-M-B-a,Nokia
816,NR2-L-M-B-b,Nokia
843,NR3-L-M-B-b,Nokia
876,N2-L-M-B-a,Nokia
984,N3-L-M-B-a,Nokia
1026,NR3-L-M-B-i2-b,Nokia
1051,N3-L-M-B-i2-b,Nokia
7,N2-L-M-A-i2,Nokia
119,N2-L-M-A,Nokia
122,NR3-L-U-A,Nokia
133,NR2-L-M-A,Nokia
178,NR3-L-U-A-i,Nokia
181,NR2-L-U-A-i,Nokia
184,NR2-L-U-A-i2,Nokia
185,N3-L-U-A-i2,Nokia
335,N3-L-M-A-i2,Nokia
441,NR2-L-U-A,Nokia
784,N4-L-U-A,Nokia
933,NR3-L-M-A,Nokia
1132,N2-L-U-A-i2,Nokia
1147,N3-L-M-A,Nokia
1192,NR2-L-M-A-i2,Nokia
1195,NR3-L-U-A-i2,Nokia
1226,N2-L-U-A,Nokia
1250,N3-L-U-A,Nokia
1251,N4-L-U-A-i2,Nokia
1300,N2-L-U-A-i,Nokia
1332,N3-L-U-A-i,Nokia
1336,NR3-L-M-A-i2,Nokia
349,N2-L-M-A-i2-b,Nokia
429,NR2-L-M-A-i2-b,Nokia
444,N3-L-M-A-a,Nokia
504,N3-L-M-A-i2-b,Nokia
610,NR3-L-M-A-a,Nokia
650,NR2-L-M-A-b,Nokia
692,N2-L-M-A-a,Nokia
786,NR2-L-M-A-a,Nokia
874,NR3-L-M-A-b,Nokia
913,NR3-L-M-A-i2-b,Nokia
1012,N2-L-M-A-b,Nokia
1227,N3-L-M-A-b,Nokia
27,NR3-L-U-A1-i,Nokia
388,NR3-L-U-A1,Nokia
446,NR2-L-U-A1-i,Nokia
535,N2-L-U-A1-i,Nokia
580,N4-L-U-A1,Nokia
616,NR2-L-U-A1-i2,Nokia
657,NR3-L-U-A1-i2,Nokia
713,NR2-L-U-A1,Nokia
761,N3-L-U-A1-i,Nokia
789,N3-L-U-A1,Nokia
821,N4-L-U-A1-i2,Nokia
822,N2-L-U-A1-i2,Nokia
846,N3-L-U-A1-i2,Nokia
1028,N2-L-U-A1,Nokia
88,N2-L-M-P,Nokia
359,N3(F)-L-M-Q,Nokia
362,N3-L-U-Q,Nokia
366,N3(F)-L-U-P,Nokia
367,N2-L-U-Q,Nokia
385,N2(F)-L-M-R-b,Nokia
415,N2-L-M-O-a,Nokia
459,N3(F)-L-M-P-a,Nokia
503,N2(F)-L-U-O,Nokia
563,N2-L-M-R-a,Nokia
566,N2-L-M-O,Nokia
596,N2(F)-L-U-R,Nokia
597,N3-L-U-P,Nokia
602,N2(F)-L-M-Q,Nokia
676,N3(F)-L-M-P,Nokia
679,N3-L-M-R-b,Nokia
717,N3(F)-L-U-Q,Nokia
718,N2-L-U-P,Nokia
720,N3-L-M-P,Nokia
749,N2(F)-L-M-O,Nokia
772,N2-L-M-P-a,Nokia
775,N2-L-U-R,Nokia
804,N3(F)-L-M-R,Nokia
863,N3-L-M-Q,Nokia
864,N3(F)-L-M-R-b,Nokia
897,N3(F)-L-M-R-a,Nokia
899,N2(F)-L-M-P,Nokia
948,N3-L-U-R,Nokia
949,N3(F)-L-M-O,Nokia
950,N3-L-U-O,Nokia
1001,N3-L-M-O,Nokia
1063,N3-L-M-O-a,Nokia
1064,N2-L-U-O,Nokia
1089,N3(F)-L-U-O,Nokia
1145,N3(F)-L-M-O-a,Nokia
1146,N2(F)-L-M-R-a,Nokia
1162,N2(F)-L-M-P-a,Nokia
1177,N3-L-M-R,Nokia
1200,N2-L-M-R,Nokia
1255,N2(F)-L-M-R,Nokia
1281,N2(F)-L-U-P,Nokia
1282,N2-L-M-Q,Nokia
1296,N2(F)-L-U-Q,Nokia
1313,N2-L-M-R-b,Nokia
1339,N2(F)-L-M-O-a,Nokia
1340,N3-L-M-R-a,Nokia
1348,N3-L-M-P-a,Nokia
1379,N3(F)-L-U-R,Nokia
176,NR2-L-U-D,Nokia
180,N3-L-M-D,Nokia
182,N3-L-U-D,Nokia
183,N2-L-U-D-i,Nokia
196,NR2-L-U-D-i2,Nokia
218,N3-L-U-D-i2,Nokia
220,NR3-L-M-D-i2,Nokia
398,NR3-L-U-D,Nokia
416,N2-L-M-D-i2,Nokia
613,N3-L-M-D-i2,Nokia
691,NR2-L-U-D-i,Nokia
1050,NR3-L-U-D-i,Nokia
1098,NR3-L-U-D-i2,Nokia
1116,N3-L-U-D-i,Nokia
1229,N2-L-U-D-i2,Nokia
1265,N2-L-U-D,Nokia
1267,NR2-L-M-D-i2,Nokia
1273,NR3-L-M-D,Nokia
1327,NR2-L-M-D,Nokia
1357,N2-L-M-D,Nokia
412,N3-L-M-D-c,Nokia
442,N2-L-M-D-i2-c,Nokia
545,N3-L-M-D-i2-c,Nokia
612,N2-L-M-D-c,Nokia
760,NR2-L-M-D-c,Nokia
787,NR3-L-M-D-c,Nokia
817,NR2-L-M-D-i2-c,Nokia
957,NR3-L-M-D-i2-c,Nokia
209,N4-Lr-U-E,Nokia
221,NR2-Lr-U-C,Nokia
1052,N3-Lr-U-C,Nokia
1130,N2-Lr-U-C,Nokia
1367,NR3-Lr-U-C,Nokia
99,N4-Lr-U-B,Nokia
211,N3-Lr-U-B,Nokia
214,NR2-Lr-U-B,Nokia
217,NR3-Lr-U-B,Nokia
224,N2-Lr-U-B,Nokia
205,N4-Lr-U-A,Nokia
213,N2-Lr-U-A,Nokia
553,N3-Lr-U-A,Nokia
579,NR3-Lr-U-A,Nokia
1364,NR2-Lr-U-A,Nokia
165,NR2-Lr-U-A1,Nokia
261,N4-Lr-U-A1,Nokia
467,N3-Lr-U-A1,Nokia
491,N2-Lr-U-A1,Nokia
879,NR3-Lr-U-A1,Nokia
198,N2-Lr-U-D,Nokia
202,NR2-Lr-U-D,Nokia
1224,N3-Lr-U-D,Nokia
1312,NR3-Lr-U-D,Nokia
28,NR-M-M-A,Ericsson
638,NR-M-U-A,Ericsson
342,NR-M-M-A-a,Ericsson
1,NR-M-U-B,Ericsson
31,NR-M-M-B,Ericsson
672,NR-M-M-B-a,Ericsson
17,NR-M-U-D,Ericsson
30,NR-M-M-D,Ericsson
35,B3-M-M-A,Ericsson
1143,B3-M-U-A,Ericsson
530,B3-M-M-A-a,Ericsson
21,NI-M-U-A,Ericsson
33,NI-M-M-A,Ericsson
19,B3-M-M-B,Ericsson
34,B3-M-U-B,Ericsson
13,NI-M-M-D,Ericsson
16,NI-M-U-D,Ericsson
771,B3-M-M-B-a,Ericsson
24,NI-M-U-B,Ericsson
498,NI-M-M-B,Ericsson
18,B3-M-M-D,Ericsson
32,B3-M-U-D,Ericsson
594,B3-M-M-D-b,Ericsson
4,NR-M-U-C,Ericsson
714,B3-M-M-C,Ericsson
925,B3-M-U-C,Ericsson
976,NR-M-M-C,Ericsson
677,NI-M-M-O,Ericsson
1111,NI-M-U-O,Ericsson
356,NR-M-M-C-a,Ericsson
361,B3-M-M-C-a,Ericsson
497,NI-M-U-C,Ericsson
895,NI-M-M-C,Ericsson
299,B3-M-M-O,Ericsson
365,B3-M-U-O,Ericsson
643,B3(F)-M-U-O,Ericsson
1093,B3(F)-M-M-O,Ericsson
123,N3-M-M-C,Nokia
146,N2-M-U-C,Nokia
150,N4-M-U-E,Nokia
156,NR3-M-U-C,Nokia
157,NR3-M-M-C,Nokia
1242,N2-M-M-C,Nokia
1266,N3-M-U-C,Nokia
1276,NR2-M-M-C,Nokia
1277,NR2-M-U-C,Nokia
87,N3-M-U-B,Nokia
130,NR2-M-M-B,Nokia
132,N2-M-M-B,Nokia
134,NR2-M-U-B,Nokia
152,N2-M-U-B,Nokia
155,N4-M-U-B,Nokia
1238,NR3-M-U-B,Nokia
1303,N3-M-M-B,Nokia
1331,NR3-M-M-B,Nokia
85,N2-M-M-A,Nokia
92,N3-M-U-A,Nokia
107,NR3-M-U-A,Nokia
112,NR3-M-M-A,Nokia
113,NR2-M-M-A,Nokia
116,N2-M-U-A,Nokia
1010,N4-M-U-A,Nokia
1101,NR2-M-U-A,Nokia
1269,N3-M-M-A,Nokia
295,N2-M-U-A1,Nokia
447,N3-M-U-A1,Nokia
615,NR2-M-U-A1,Nokia
617,N4-M-U-A1,Nokia
990,NR3-M-U-A1,Nokia
223,N2-M-U-Q,Nokia
263,N3(F)-M-M-P,Nokia
264,N2(F)-M-M-O,Nokia
333,N3-M-U-R,Nokia
350,N3-M-M-R,Nokia
424,N2(F)-M-U-O,Nokia
427,N3(F)-M-U-O,Nokia
456,N2-M-M-P,Nokia
462,N2-M-U-P,Nokia
531,N3(F)-M-U-Q,Nokia
533,N2(F)-M-U-P,Nokia
564,N2(F)-M-M-R,Nokia
599,N2(F)-M-M-Q,Nokia
600,N2-M-M-R,Nokia
601,N3-M-M-Q,Nokia
648,N3-M-U-Q,Nokia
723,N3(F)-M-U-R,Nokia
748,N2(F)-M-M-P,Nokia
773,N3-M-U-O,Nokia
776,N2-M-M-O,Nokia
806,N3(F)-M-M-O,Nokia
834,N2(F)-M-U-R,Nokia
900,N2-M-U-O,Nokia
999,N2-M-U-R,Nokia