CSR_Name,CSR_Number,Site_Name,Region
Streatham Hill North,1214,Tulse Hill Telephone Exchange,UK - London
TYRRELLS WOOD,5300,Orange Tower - Lorretta Lodge,UK - London
Soho Square 3G,47637,33 Soho Square,UK - London
Royal Mint St E1,7289,BT,UK - London
South Erith (REPL 43750),94086,1-69 Becton Place C,UK - London
Velodrome Unwind,23568,National Cycling Centre Car Park (NW),UK - West
ELM PARK,5249,CS-10401_VF 78828 The Broadway West,UK - London
Replc-CSR-7831-223 High St Kensington,85323,Trailfinders Travel Agency,UK - London
Arsenal Emirates Stadium Macro 1,35234,Emirates Staduim North Stand,UK - London
Kettering,636,Kettering Telephone Cornerstone 14748 _ voda 80082,UK - South
Belfast Windsor Malone,62908,CS_19716_VF_11831,UK - North
Acomb Wood Drive,67163,Acomb Wood Drive,UK - North
Liverpool Kingsway Tunnel (B3),89095,SW at Scotland Rd/Leeds Rd,UK - West
MOTE PARK MAIDSTONE,12836,New Cutt Road Flexicell,UK - South
Muirton,39347,Gleneagles Equestrian Centre,UK - North
Unwind 79191,92700,Bomet Uk,UK - West
o/s 130a High Street Penge,100087,Arqiva Kiosk o/s 130a High Street Penge,UK - London
Battersea Micro,43727,Pret A Porter Dry Cleaners,UK - London
Cheshunt Churchgate,49553,Gateway Cheshunt,UK - South
LUTON VAUXHALL,11830,ZLU NTL Mast,UK - South
Holystone,10256,Forest Hall,UK - North
Tulloch,12962,Perth College,UK - North
Loch an Thiompain TNS,22636,Coffin Road (Heritage Path),UK - North
Siemens Mobility York,90547,Siemens Mobility York,UK - North
Durham Kepier,73791,SW Broomside Lane Belmont,UK - North
os 222 High Street Colliers Wood Merton High St,91465,Column Ref 122243,UK - London
Eccles Unwind,92585,Charles House.,UK - West
Longman,10394,Thistle Hotel,UK - North
1 Pratt St London,85430,Arqiva Ref PC063,UK - London
Caorann Mor TNS,22589,A Chraileag,UK - North
Buckingham Gate REPL 4867,73256,Westminster Chapel RT (38124143),UK - London
Unwind 4514,93024,Stallings Lane Service Station_,UK - West
Bishopthorpe Replacement,25594,Field off Appleton Road,UK - North
O/S No 246 HIGH ROAD WILLESDEN,87995,Column Ref L20220-29,UK - London
Pencaitland,70591,Fountainhall,UK - North
BEDFORD EAST,7103,Eastern Electricity Mast,UK - South
VF87721,71965,North Hyde Road SF 2,UK - London
63479 (48849) Olympic Ricoh Arena DAS_U900_3,63479,63479 (48849) Olympic Ricoh Arena DAS_U900_3,UK - South
Beddington Lane,17169,O2 Mast,UK - London
Newgate Street 2,85975,Column Ref 383/EL17,UK - London
Chester Road Sunderland,68343,Chester Road - Shiney Row,UK - North
Swindon SG18,64480,Tyco Electronics (Swindon),UK - West
KX Tunnels (Gasworks and Copenhagen),96834,KX Tunnels (Gasworks and Copenhagen),UK - London
MIDLAND RD Jn Brill Place,87242,Column ref 895156,UK - London
KEXBY LANE FARM,80583,Kexby Lane Farm greenfield,UK - South
Hersham West,48120,SF Queensway North - Option 3,UK - London
Hitchin GtG,79150,Street light replacement installation at the,UK - South
Longsight South Unwind,97539,Copthorne Crescent SW,UK - West
Long Eaton North Central,47738,Junction of Longmoor Road and Curzon St SW,UK - South
1st col on left from hitchcock rd Stratford City Energy Centre Montfichet Road Stratford Marsh,96689,FW asset ID LBN 011389,UK - London
New Parallel for 33738-O2,78928,Greenewable Business Park,UK - South
Grosvenor Street,11627,Millenium Hotel,UK - London
B3 UnWind Rep 70270o2 Rouen House,97531,Prospect House 1,UK - South
BILLING ROAD,37185,Cornerstone 4083 Voda 54040,UK - South
Gartnavel Hosp Junc Great Western Rd,93378,HILLHEAD SPORTS CLUB.,UK - West
Millbrook Proving Ground Small Cell 41,91412,MPG Hill Route Loop 3 Site 13,UK - South
North Shields West Chirton,45878,HAMAR CLOSE,UK - North
Hylton Castletown,97622,Grange Road Streetworks,UK - North
372 COLDHARBOUR LANE,88505,Column Ref D0369-85,UK - London
PATCHETTS EQUESTRIAN CENTRE,68467,PATCHETTS EQUESTRIAN CENTRE - ALDENHAM,UK - London
Euston 2 (NTQ REP 4850),85133,Euston 2 (NTQ REP 4850),UK - London
Cliftonville Belfast,1924,Westland,UK - North
Sheffield Cemetery,44982,Wilson Tupholme Ltd,UK - North
Northallerton and District Working Mens Club,46640,Northallerton and District Working Mens Club,UK - North
Surrey Quays Shopping Centre,45768,SURREY QUAYS SHOPPING CE,UK - London
Ollerton,6894,Ollerton Miners Welfare,UK - South
Whiteinch West,89142,Victoria Park SW 2,UK - West
LITTLE HEATH,42522,Eastern Avenue West SF,UK - London
Burnt Oak (NTQ 2416 Repl),76025,Merit House (2),UK - London
Arqiva 302236,73437,TRAVELODGE BOREHAMWOOD STUDIO WAY,UK - London
Caisten East,71189,Caiston/Lincolnshire Police Mast,UK - South
REIGATE RH20TU/REIGATE RH20TU,84756,GATTON BOTTOM WEST,UK - London
Grendon,3802,Spring Farm,UK - South
O2 Retail Uxbridge,35257,O2 Retail - Uxbridge,UK - London
43549 Tenter House REPL,81893,MOORGATE HALL 1,UK - London
Enhancer Sandvik Swadlincote,44878,Sandvik Swadlincote,UK - South
replc-43728-York Road Micro/Costcutter York Road,85873,Azzurro Bar,UK - London
SRN Mourne Mountains,23992,Fofanny Water Treatment Works,UK - North
O2 Retail Dumfermline Mono,36243,O2 Retail Dumfermline Mono,UK - North
Bradford Road,89081,The Green GF,UK - West
Eurotunnel 1,62870,Eurotunnel,UK - South
Camden North,46407,Bessemer Court,UK - London
Central Newton Aycliffe,98065,SW Greenwell Road-,UK - North
Bolsover -Water Tower,70461,Bolsover - Severn Trent Water Tower,UK - North
Leeds Chapeltown West Replacement for 16916,65645,SW on Stainbeck Lane (adj to Sainsburys),UK - North
Burwash,11365,Orange Mast A,UK - South
Broadhalgh Unwind,97522,Rochdale RUFC,UK - West
Crossharbour SF,71932,East Ferry Road SW,UK - London
Stirling Bridge of Allan Roundabaout,72670,Bridge of Allan Roundabaout (36511423),UK - North
Unwind 78349,92554,Unwind Site - 37439o2,UK - West
OPP VICTORIA AVENUE (CCTV) BRIGHTON ROAD,90707,Column Ref 016826,UK - London
32213_VF Leek Wooton,74413,Leek Wootton_32213vf,UK - South
19 Kew Rd Richmond,85481,Arqiva Ref PC162b,UK - London
349 3G Replacement,34096,Ajay Autos - CS12557_VF79718_0,UK - South
DAGENHAM NORTH,5238,Parsloes Avenue Street Furniture,UK - London
Sheepridge Huddersfield,23210,GF on Old Car Park,UK - North
Stonebridge Park,9767,MX Ionica Tower,UK - London
Wold Dyke Farm,72841,Wold Dyke Farm,UK - North
South (VF37245B),69404,Lamp-Post - Westfield Road,UK - South
BBC RADIO LEICESTER,67212,BBC RADIO LEICESTER,UK - South
Newtownards Abbot,71587,Abbot Drive Streetworks,UK - North
Omagh Killyclogher Killyclogher,69483,Omagh Donaghnie,UK - North
Southbury Rd Enfield London,96779,Asset ID LBE 000009,UK - London
O2 Shop Reading 3G Micorcell,35462,O2 Shop,UK - West
O/S 41/43 Beechwood Road,88422,Asset Ref 120556,UK - London
EAS1042,24402,Land North of Coladoir River 2,UK - North
Burton-upon-trent Stretton West area O2 hosted shared new,48070,Junct Harper Ave/Church View,UK - South
Holme Lee Farm Boston,73939,Holme Lee Farm,UK - South
OUTSIDE THE FOUNTAIN HOTEL & P.H MALDEN ROAD,90715,Column Ref 004016,UK - London
Gatton,5668,Vodafone - Gatton Bottom,UK - London
Millbrook Proving Ground Small Cell 38,91408,MPG Hill Route Loop 3 Site 10,UK - South
ACHNASUAL - TNS0316A,24948,MILE DORCHA WOODLAND,UK - North
Sloane Square Belgravia London,96758,Ontix Asset ID KEC10295500,UK - London
Horbury Osset Spa,45858,Streetworks - A642 Northfield,UK - North
Dorchester Rail Station,46372,BR Dorchester Station South CS 14356_Voda 4131,UK - West
FOLKESTONE Crete Road East,67161,FOLKESTONE - Crete Road East.,UK - South
Rotherham Herringthorpe,43127,Eastwood Trading Estate,UK - North
Pinkneys Green 2G (VF33264C),69635,Scottish & Southern Eletricity,UK - South
Fenham,2377,Blood Transfusion Centre,UK - North
Brig o Turk PNS,23168,Sron Armailte,UK - North
Woodpecker Cottage DICE,40107,T Bertram,UK - South
North St Anns replacement,23259,Alexandra Court.,UK - South
Bredbury Interchange Unwind,92764,Welkin Mill Chimney RT,UK - West
PCO  WELLINGTON STREET,86659,K6 2072408398,UK - London
SITWELL PARK GOLF CLUB,68359,SITWELL PARK GOLF CLUB,UK - North
Standard Life Twenty Old Bailey,22512,Standard Life Twenty Old Bailey,UK - London
West Broxbourne LTE,67692,West Broxbourne LTE,UK - South
Gleann Laoigh TNS,22607,Land at near Luibeg Footbridge,UK - North
O/S 90 NORTHCOTE ROAD,91571,Column Id 88455,UK - London
OPP STH KENSINGTON STORE-HYTHE ROAD,86255,Column Ref 33108,UK - London
The Droveway,89129,The Droveway  SW,UK - West
COLLIER ROW SOUTH EAST,17600,Land outside Yusen Air and Sea Service,UK - London
o2 Retail Chesterfield,84722,o2 Retail Chesterfield,UK - North
Chenies Street WCI,13568,Boots/211-212 Tottenham Ct Rd,UK - London
Bean,10133,Merry Chest Cafe,UK - London
Loch Maree,6261,Loch Maree,UK - North
JW  streatham place  NEW PARK ROAD,90692,Column Ref C1014-17,UK - London
Langney New,3033,LCM Car,UK - South
BECONTREE WEST,5239,MX Kilsby Walk,UK - London
Millbrook Proving Ground Small Cell 35,91403,MPG Hill Route Loop 2 Site 7,UK - South
Elm Park Gardens,46223,ELM PARK HOUSE,UK - London
Para Repl CSR-7960-221 Camberwell New Rd,85282,Clarendon Arms Pub,UK - London
WYKEN SOUTH,17801,Cornerstone 11470_Vodafone 79221_0,UK - South
CHILDS HILL,9008,ZWOR Orchard Mead,UK - London
BRADFORD ROYAL INFIRMARY,67341,BRADFORD ROYAL INFIRMARY,UK - North
EREDINE FOREST,23148,23148 - Eredine Forest,UK - North
Woodton,74866,Land at Woodton Grange,UK - South
Airton GtG,80794,Dykelands Farm,UK - North
Coseley replacement for 92627 Vodafone 4384,98060,Webb Street GF,UK - West
WOLLATON PARK SOUTH,15491,Outside NHS Health Centre,UK - South
Tilbury East (047017 repl),85167,Field off Fort Road,UK - London
Waltham Abbey North,46715,Dalance Field,UK - London
Marldon,50740,Preston Down SW,UK - West
Silsden Raikes Head Farm,71085,Raikes Head Farm,UK - North
Westgate NG18 1RY,12988,McDONALDS,UK - South
37905B_vf Stud Farm IVOR,74523,VF  Site Stud Farm,UK - South
Bow Bridge 2 (10196 Repl),71846,Hawker Court,UK - London
Vodafone 35606,70275,EMEB MAST,UK - South
O/s 63/65-Newington Green Road,86466,Column Ref 16521,UK - London
DRONFIELD,5159,Stone the Crows,UK - North
Blackheath Park,44299,Blackheath Hill (Code SW),UK - London
Seven Sisters Rd N7,6740,McDonalds,UK - London
Butterdean Farm,70519,H3G Site Share - Butterdean,UK - North
West Denton (Cornerstone ID 2168),42724,SW on West Denton Way,UK - North
Emblings Coaches,73921,Emblings Coaches,UK - South
EAST BEDFONT (5459 Perm Repl),85221,Bedfont Lake Country Park,UK - London
Pylon 4wp069_11749VF,72293,Pylon 4wp069,UK - South
Kings Lynn Centre,2939,Norfolk College,UK - South
Drumaness South,79101,Drumaness W.W.T.W,UK - North
Arqiva SC LBHF 1205880,78471,WEST FW OUTSIDE 1-6 SB MANSIONS,UK - London
ORANGE MAST READY MIX CONCRETE,67736,ORANGE MAST READY MIX CONCRETE,UK - South
Storr PNS,95583,Airwave NOR0680 Site-Share,UK - North
(86293) O2 Retail The Gyle Edinburgh 5G 1,90577,(86293) O2 Retail The Gyle Edinburgh - 5G 1,UK - North
Rotherhithe Station,47125,Nisa Local,UK - London
Jct Middle Lane-Park Road N8,86371,Column Ref 123016,UK - London
Liverpool Buckley Hill (B3),88933,Gorsey Lane SW,UK - West
Slough High Street SL1,6936,Abbey National,UK - London
o2 Retail Grove Street Wilmslow,24780,o2 Retail Grove Street Wilmslow,UK - North
Basildon GTG T3,75616,Mandeville Way  SW,UK - South
Kempston Infill,36762,Tricom Building,UK - South
Twickenham Roundabout,43933,Big Yellow Storage Twickenham,UK - London
Chancery Lane 2,85952,Column Ref 118/EL2D,UK - London
3 King Street TW9,8642,Youngs The Old Ship,UK - London
Glendocherty,6259,Glendocherty,UK - North
Aggregate Industries Swansea,48490,Aggregate Industries Swansea,UK - West
Porthcawl Staycation Temp,25544,Porthcawl Staycation Temp 2024,UK - West
EAST FERRY ROAD Isle of Dogs London,96743,FW Bus shelter ID LBTH 016079,UK - London
Great Ayton (NTQ Rep nr4825),78228,SW Site Guisborough Road,UK - North
Maltmans Hill,9822,Brockdon Farm,UK - South
Earith,74648,KLM Engineering,UK - South
O/S NO 104-HAVERSTOCK HILL,86230,Column ref 890807,UK - London
North St Anns,36840,Woodborough road sw,UK - South
Ontix-Bishops Bridge Road,92255,ONTIX ASSET ID WSM01368,UK - London
COWLEY PEACHEY,5096,Cornerstone 10337_Vodafone 76302,UK - London
Tantobie GtG,80841,Wyndways Farm,UK - North
Ouston,2033,Ouston Bank Farm (2),UK - North
VF80370,71555,King Edward VII Hospital,UK - London
Hooks Cross CL4 (VF35257C),69342,Exisiting Orange Mast,UK - South
Woodham Ferrers Railway Station,64271,SOUTH WOODHAM FERRERS,UK - South
NEAR SEYMOUR STREET,86738,K6D 2077239962,UK - London
East Wickham,15975,Lodge Hill SF DA16,UK - London
Waddington North,71088,RAF Waddington,UK - South
Dean  Street-Shaftesbury Avenue junction,91667,Ontix ID 261643,UK - London
6 HYDE THE NW9,90484,Column Ref C24500-14,UK - London
Tring,1024,Cornerstone4321_Voda35223,UK - South
Prestwich Southwest Unwind,88970,GF to rear of Butterstile Playing Fields,UK - West
Selfridges Oxford St London,85718,Selfridges Oxford St London,UK - London
Shacklewell,3417,Shacklewell,UK - London
Enterprise Aylesford,64707,Enterprise Aylesford,UK - South
Stake Hill Unwind,25790,Land at Cinder hill Farm,UK - West
NEAR JUNCTION WITH DYOTT ST NEW OXFORD STREET,91490,Column Ref 7010134,UK - London
Hemsby,7038,Hemsby,UK - South
Unwind 4416,93051,TOWNSEND HOUSE,UK - West
Metherington Town Centre,71472,Metherington Fire Tower,UK - South
Leeds Station Macro,80168,Whitehall Junction - Network Rail,UK - North
Link Market Service Ltd Leeds,91310,Link Market Service Ltd Leeds,UK - North
Walton Road Micro,47976,63 Walton Road,UK - London
OS104 WINDMILL HILL,33416,Beeston Methodist Church,UK - North
The Co-operative South Normanton,66801,The Co-operative South Normanton,UK - South
Turners (Soham) Ltd,38562,Turners (Soham) Ltd - Micro,UK - South
O/S NO. 251 Soho Road,24848,Ontix Asset ID BIR11016570,UK - West
Haywards Heath East SF,46766,Cornerstone_15375_Voda_38044,UK - South
Beverley,644,Beverley Racecourse,UK - North
Tom A Chait,6368,S. H-E. Tower,UK - North
Westwell,1957,Britton,UK - South
Newton Hall,12655,Union Hall Farm A,UK - North
Leadenhall NTQ,4844,Cornerstone 4791_Vodafone 76934_0,UK - London
Well Hill,84752,S/W on Parkgate Road just west of Bridge over M25,UK - London
VF79402,71550,GF on Sylvan Hill,UK - London
Skidbrooke,71096,Willow farm land,UK - South
Opp The Publishing House Highbury Station Rd,87914,Column Ref 10123,UK - London
Roehampton South,15825,Roehampton South,UK - London
Upper St Martins Lane,7864,40 Monmouth Street,UK - London
87742_VF,71942,Grass verge Chingford Lane SW,UK - London
UCL WC1 Chenies Street,78358,18 Chenies Street,UK - London
ARCHER ROAD SHEFFIELD,69020,Archer Road SW,UK - North
Ealing Common South,43831,All Saints Church.,UK - London
Liverpool Litherland New (B3),23514,Gorsey Lane Streetworks,UK - West
Carlton,1327,Arnold and Carlton College,UK - South
Top of Hebers North Unwind,92787,Hatters Farm GF,UK - West
Unwind 78899,93062,Ward End East,UK - West
Bushey Heath VF3266,44962,CS 11408_VF 3266_10 CROWN MOTORS,UK - London
Southborough Open Space,44148,Hazlewalk West SW,UK - London
Liverpool Bootle Docks (B3),93180,Microspec Labs Ltd,UK - West
Stanstead Radisson SAS,40579,Stanstead Radisson SAS,UK - South
Stuart Tower,46218,Saint Saviours Church,UK - London
London Underground - BSH01B - Tunnel CSR 1,19902,London Underground - BSH00 - Tunnel CSR 1,UK - London
George Green,2389,All Souls Farm,UK - London
Felixstowe Town Infill,36758,C S.15477_VF.75900,UK - South
COPLEY HILL,16446,Providence Chimney,UK - North
Alternative option (42529),90302,Springer Nature Group,UK - London
Neasden (2135 NTQ Repl 2),82014,Neasden Lane / Braemar Ave SW GF,UK - London
Scottish Open 2018,85533,Scottish Open 2024,UK - North
PROJECT IVOR ROUTE 11 (37503VF),71325,PROJECT IVOR ROUTE 11 (37503VF),UK - South
Flemington Road Streetworks,45756,Cornerstone_13212_Voda_41993,UK - North
Hermit Road E16,72112,249 Hermit Road,UK - London
Arqiva 302157,73433,Chilton Court (2),UK - London
Paddington NTQ rep 9292 Split Cell 3,91028,30 Eastbourne Terrace,UK - London
Virgin Pendolino Train  390050-1,40023,Carriage 69850,UK - South
Virgin Pendolino Train  390040-1,40013,Carriage 69840,UK - South
PASTON PET,11674,Cornerstone 3021 _ Voda 77891,UK - South
Wolverhampton Rd,88863,Wednesfield Way Island SW,UK - West
Southport and Ormskirk Hospital NHS Trust Southport,23369,Southport and Ormskirk Hospital NHS Trust Southpo,UK - North
204 Brighton Road,96348,Freshwave ID LBC 002774,UK - London
Cowcaddens Chinatown (Replacement for 93397),102035,Stow Building RT,UK - West
Ripon Orange Mast,71065,Orange Mast - Ure Bank,UK - North
De Beers London,88454,De Beers London,UK - London
VF87916,72076,NG Pylon VC003,UK - London
Belvedere (Erith),4595,Belvedere Fire Station,UK - London
Spennin Hill,70436,Spenning Hill,UK - North
O/S 388 (FR) Green Street Upton Park,96683,FW Asset ID LBN 007021,UK - London
Homerton North (NTQ replacement 43950),87807,Banister House Block H,UK - London
Gorniture,69493,Ulster Arials,UK - North
O/s 130 Old Street,91501,Column Ref 109990,UK - London
Elgin Centre Rep 1,25689,Elgin Police Station Mast,UK - North
Liverpool Docks North New (B3),97468,SW near Great Outdoors,UK - West
Natural History Museum,44699,Natural History Museum CS,UK - London
Anglian Water Wisbech,73944,Wisbech 01,UK - South
OFFERTON GRANGE FARM (EAST OF A19),68325,OFFERTON GRANGE FARM (EAST OF A19),UK - North
NETHER BROUGHTON,6704,White Lodge Farm 1,UK - South
O/S Sungate Lodge ALBERT BRIDGE ROAD,88411,Column Ref 179042,UK - London
o2 Retail Spring Hill Blackburn,72957,o2 Retail  Spring Hill Blackburn,UK - West
Feltham West,17464,SF New Rd Feltham,UK - London
Arqiva 29854,73125,HAROLD HILL (E),UK - London
Walthamstow North,10957,Highams Park ATE,UK - London
Wick Rd jnc Eastway Hackney (CCTV),100111,Asset ID HAC 000234,UK - London
Hardwick Highlands Road,49229,SW on corner of Sussex Drive/ Highlands,UK - South
Sainsburys Argos Swansea,91236,Sainsburys Argos Swansea,UK - South
Unwind 33440,92932,BLOXWICH INDUSTRIAL ESTATE,UK - West
Cottage Farm Gravelpit Hill,73988,Gravelpit Hill,UK - South
GLAGORM,7610,Youngs Field,UK - North
ABN AMRO,79894,ABN AMRO,UK - London
LD 1150 Dollis Valley Estate,92194,Artemis House,UK - London
Old Brompton Rd (6976 Repl),77182,72 Old Brompton Rd,UK - London
Cardiff Working Street,62653,Coral Betting Shop,UK - West
Unwind 85087,92887,Coton Road GF,UK - West
LCSTR 18-P1,100253,Freshwave ID LCC 019514,UK - South
Unwind 81726,93031,Concorde House Union Drive,UK - West
Bridgeton South,89026,Clyde Gateway SW,UK - West
OPP JCT ENNERDALE RD Sandycombe Road,90788,Column Ref 3027587,UK - London
SWANLEY VILLAGE,5232,South Fort Stables,UK - London
o2 Retail Store ST Helens,23821,o2 Retail Store ST Helens,UK - North
Braemore Junction,6432,Highland Regional Council Towe,UK - North
JW WATERMAN PLACE Reading,25266,Ontix Asset ID RDG10925435,UK - West
St Bride St (NTQ REP 30457),77062,2 SAINT BRIDE STREET,UK - London
Wallsend Central,12645,Wallsend TE,UK - North
Fulham Road SW6,7813,S&N (THE GEORGE),UK - London
Adjacent to Dunelm Mill,84740,Prospect place/ Collier Row SW,UK - London
Holywood Centre NI_D,87735,Church Street Car park,UK - North
St Swithins Ln,1,LO Scottish Provident,UK - London
Unwind 79242,92707,Alma Industrial Estate,UK - West
St Columb Major,3735,Gluvian Reservoir,UK - West
Unwind 5908,93028,ST JOSEPHS COURT,UK - West
Marsden replacement,98230,Marsden Lane sw.,UK - North
Waterloo International_1  SE1_Micro,70770,79 York Road,UK - London
Benyon Centre Leeds (NTQ Rep csr16734),76966,Tesco Benyon Centre,UK - North
SCRAP YARD,46828,Scrap  Yard,UK - North
Colindale Gardens (Parallel to 36082 Aerodrome Rd SF),98162,Umber House,UK - London
Keppochhill Unwind,89131,Keppochhill Rd SW 1,UK - West
Wembley Stadium Station NEW,48359,California Kitchen,UK - London
Hardwick Road 71031o2 New Parallel,89999,Hardwick Road Field,UK - South
Hopefield,38297,John Dennis & Co,UK - North
Core Lenton Perm Replacement 1 for CSR 10943,71860,Simpson Hall,UK - South
VIP John Motson,66867,John Motson,UK - South
DAYBROOK,20402,Gladehill Road,UK - South
old town hall MILVERTON ST,87520,Column Ref C0964-03,UK - London
SRN 8513695 TX ONLY,22664,Shake Holes,UK - North
o2 Retail Swansea Oxford Street,80505,o2 Retail Swansea Oxford Street,UK - West
Shepperton TW179NU/Shepperton TW179NU,84724,HALLIFORD MERE LAKES GF,UK - London
Woodcock Bowling Club SW,68464,Woodcock Bowling Club SW,UK - London
O/S 43-BALHAM HIGH ROAD,86396,Column ref 185020,UK - London
High Harrogate North,75471,Starbeck BT Reach Arqiva MSA ref 164990,UK - North
Westwood 3G (VF5576A),69996,British Rail 1,UK - South
Wester Dechmont,4930,Byres Farm,UK - North
Stratford International station (Micro),41959,Stratford International Station Pico,UK - London
62871 (62870) Eurotunnel 2,62871,62871 (62870) Eurotunnel 2,UK - South
Newton Heath West Unwind,89163,SW to rear of Bakery,UK - West
Newark Market Place,73303,Newark Market Place,UK - South
Uxbridge,357,LO Harman House,UK - London
DHL Brindley House,44879,DHL Brindley House,UK - South
CSR 063745 Perm Repl,23354,Martin Crescent Streetworks,UK - London
West Hadleigh,37671,NTL Tower (Arqiva),UK - South
326C Mare St London,96789,HAC 000305,UK - London
Newcastle,117,Melbourne street,UK - North
Farringdon Tube North 3G,47638,The City Pride,UK - London
63475 (48849) Olympic Ricoh Arena DAS_5,63475,63475 (48849) Olympic Ricoh Arena DAS_5,UK - South
Crookston Junction Unwind,88984,Crookston Road (option F),UK - West
St Davids Shopping Centre Cardiff,87769,St Davids Shopping Centre Cardiff,UK - South
Didsbury West Unwind,88813,SW on Palatine Road by Bus terminus,UK - West
Little Markfield Farm_5396VF,72252,Little Markfield Farm_5396VF,UK - South
Roseworth,10253,Cornerstone 14293 _ Voda 79802,UK - North
Sunderland FC Stadium,48830,Sunderland FC Stadium,UK - North
Leeds Gamble Hill,45112,College Lawns SF,UK - North
Moston North Unwind,88830,SW on Lightbowne Road,UK - West
Poyle Replacement,33056,Land North of Horton Road M25,UK - London
Opp 146 149 High St Slough SL1 1JP,100526,Ontix ID SLG10301860,UK - London
Alongside Existing Outbuildings off Chearsley Rd VF 22351,74303,Alongside Existing Outbuildings _ VF22351,UK - South
Springhill Unwind,93280,Bulls Burgers,UK - West
JCT THE TERRACE White Hart Lane,90785,Column Ref 3028475,UK - London
571-574 Roman Rd Bow London,96771,FW Asset ID LBTH 005842,UK - London
Macedonia Replacement (47030 Replacement),43806,Cornerstone_8305_Voda_n/a,UK - North
Birmingham New Street Replacement,23176,BT Midland ATE,UK - West
U900 Site Project Great Missenden (VF22026A),69519,U900 Site Project - Plyon ZL431,UK - South
BALLYKELLY RIVER,80656,Ballykelly River Id 160354,UK - North
Ancoats North Unwind,91726,Manchester Gould Street UW,UK - West
Tomatin,6383,Tomatin (BBC),UK - North
Oxford City West_VF1176A,69806,Oxford College - 1176VF,UK - South
Woolstone Milton Keynes,73857,DHL Building,UK - South
Boclair West,88887,Milngavie Road Asda 2,UK - West
OX7,100227,FW ID OXFD 062127,UK - South
Ballymoney East NI_D,87730,Ballymena RD SW,UK - North
Opp KENLOR ROAD BLACKSHAW RD,88009,Column Ref 197544,UK - London
CS_Coventry_VF53054,43066,Cornerstone 3559_Voda 53054_5,UK - South
Stark Building Materials Limited Southwater,25910,Stark Building Materials Limited Southwater,UK - South
Kenton Central,16350,Beechcroft Flats,UK - North
Leeming,71094,Leeming Services,UK - North
Zebra Crossing nr jw Melrose Av-Arthur Road,86428,Column Ref 669,UK - London
Stroud Green,1525,Chettle Court N8,UK - London
Clayhall,18108,Clayhall,UK - London
Sainsburys Argos Great Yarmouth,91258,Sainsburys Argos Great Yarmouth,UK - North
LEICESTER MTX,67198,LEICESTER MTX,UK - South
Alnmouth,10064,RAF Boulmer,UK - North
Birkby West,43004,Lindley Liberal Club,UK - North
Weaste West Unwind,91722,Mode Wheel Road UW,UK - West
Cadent Gas Ansty Coventry,25392,Cadent Gas Ansty Coventry,UK - North
NHIB _ FW _ 4G _  RG1 1RN _ One Station Hill _ LGF LMez GF,102110,NHIB  FW  4G  RG1 1RN  One Station Hill  LGF LMez GF,UK - South
Meadow Court Stadium,70927,Meadow Court Stadium - Station Road,UK - North
NTL,68180,NTL - CHARTHAM HEATH,UK - South
2017 McD P1 McDonalds Bow Road,81463,McDonalds - Bow London,UK - London
 MITCHAM EAST,5298,St Olaves Vicarage,UK - London
PCO  SACKVILLE STREET,86698,K6 2077346703,UK - London
Grangemouth Avonmouth,46322,Inchyra Road (SW adjacent Caltech),UK - North
Princes Risborough,1023,Princes Risborough Station,UK - South
LISNAGREGGAN,13593,CROWN CASTLE SITE,UK - North
Mizuho International PLC London,22506,Mizuho International PLC London,UK - London
Liverpool Knotty Ash East (B3),88896,SW on East Prescott Road,UK - West
Bristol Tower House,44992,Cornerstone 11727_VF 1670,UK - West
replc-CSR-7843,86972,The Penny Drop,UK - London
SPEYBANK,15034,BALLOURIE,UK - North
Aline Lodge Ardvourlie,76862,Ardvourlie,UK - North
SOUTHERN WATER SERVICES-HAILSHAM W.W.T.W,66916,SOUTHERN WATER SERVICES-HAILSHAM W.W.T.W,UK - South
Exchange Shopping Centre,8690,Exchange Shopping Centre,UK - London
Smith Gore,43051,Smith Gore,UK - West
Old Street (30468 Micro NTQ rep),79825,Stylus,UK - London
ONE2ONE MAST,66970,ONE2ONE MAST - WHITE HORSE FARM,UK - North
Flixton South Unwind,88920,SW on Carrington Road,UK - West
EMPINGHAM (3775VF) Temp replacement,95741,Stamford Road SW Temp,UK - South
OPP 128 DRAKE ST,87530,Column Ref 898125,UK - London
Broadstairs,126,North Foreland RS BTI,UK - South
Henley-On-Thames (VF4307A),69648,Jewson Timber (4307VF),UK - South
Servatruc Ltd,67758,Servatruc Ltd,UK - South
NTL CROPWELL BUTLER,67407,NTL CROPWELL BUTLER,UK - South
Craster,23852,Craster Quarry Car Park,UK - North
Securicor Cash Services Swinton,34065,Securicor Cash Services Swinton,UK - West
VF86413,71495,Rawson Court..,UK - London
OPP JCT BARNES HIGH STREET The Terrace,90786,Column Ref 3024848,UK - London
Crofton Hare Park,68081,LARKDALE FARM,UK - North
Close Brothers London,68769,Close Brothers London,UK - London
BAE Glascoed USK,76856,BAE Glascoed USK,UK - West
Bolney,2004,Southeast Water Tower,UK - South
City Road (44810 tech res),24177,iQ Student Accommodation Shoreditch,UK - London
OASIS HOTEL,46536,Cornerstone 14884_Voda_32079,UK - South
VF78987,72459,Great West Road SW,UK - London
CHAPELTOWN S4GI,96298,CHAPELTOWN S4GI Site (S4GI093),UK - North
CCFRA,42051,CCFRA,UK - West
Totteridge Lane,43183,St Andrew's Parish Church (36877659),UK - London
Warley Brentwood,49302,Shell Garage.,UK - South
65859 (21296) London ExCel Centre DAS3,65859,London Excel Centre DAS 3,UK - London
Lambeth Walk_SE11 Micro,70815,SF in front of 5-6 Wincott Parade 1,UK - London
Ryder Cup Gleneagles Hotel,71851,Ryder Cup - Gleneagles Hotel,UK - North
INVERCHAOLAIN,23149,23149 - Melgarve,UK - North
Replacement for Oak street trading estate CSR 93055 79208vf,22511,Two Woods Trading Estate 1,UK - West
Compton Acres Shopping Centre,67413,Compton Acres Shopping Centre - WEST BRIDGFORD,UK - South
Greenwood Avenue,89184,SW on Greenwood Avenue,UK - West
Walkley Replacement,84404,Bamforth Street SW,UK - North
Avon & Wiltshire Mental Health Partnership Trust Green Lane Hospital,25961,Avon & Wiltshire Mental Health Partnership Trust,UK - South
London Underground BSH01 Tunnel CSR 3,19933,London Underground - BSH01 - Tunnel CSR 3,UK - London
North Walsham GTG T4,75779,North Walsham Sewage Treatment Works (NWALST),UK - South
Lower Shiplake,4696,Lower Rivermead Farm,UK - South
Replc-CSR-4410-Clapham Junction (Offload 9275_S2),85308,MOSS BROS PLC,UK - London
Near JW MONTROSE AVENUE BURNT OAK BROADWAY HA8,90490,Column Ref 06200-69,UK - London
Edlesborough SMIP,90989,Cow Lane GF,UK - South
Folkestone Harbour Replacement (10020 Replacement),67471,Harbour Arm Perm,UK - South
Carlisle_Park_ISS9_369,37108,Uxbridge Road/Burtons Road,UK - London
Bridge of Muchalls,69769,Bridge of Muchalls,UK - North
NTQ Rep CSR for 73568o2 12516vf,24231,Norwich Road Sewage Works,UK - South
Tadworth ashurst rd,42384,Epsom Lane North SW.,UK - London
Camas-Luinie - EAS0157,24665,Inverinate Estate 2,UK - North
BY 52-57-GREAT RUSSELL STREET,86238,Column Ref TEF_AC209d,UK - London
O/S 279 HIGH ROAD LEYTON,87907,Column Ref 8657,UK - London
Tioxide Europe Ltd,64120,Tioxide Europe Ltd,UK - North
ICCW,89665,ICCW - 5G Overlay,UK - West
T-MOBILE 2 CAMBERWELL WAY,68338,T-MOBILE 2 CAMBERWELL WAY,UK - North
SMUG OAK,5506,The Rudkin Patch,UK - London
Stoer Point,6439,Stoer Point HRC Tower,UK - North
Fazeley,37347,ZSK Fazeley,UK - South
NTQ-CSR-7484-30 Tachbrook St SW1V,86911,SNAPPY SNAPS TACHBROOK STREET,UK - London
Bishop Auckland,1931,Westend Farm,UK - North
Chalk Farm (MICRO NTQ REP 8594),80986,Training Academy,UK - London
Roundshaw Estate,43424,Croygas Sports Club,UK - London
TFL Blackwall Tunnel Northbound,79979,TFL Blackwall Tunnel,UK - London
Unwind 35847,93268,South West Paints,UK - West
TARMAC TOPMIX LTD YARD,67852,TARMAC TOPMIX LTD YARD,UK - North
Avonbridge,75552,Stevenson Bros,UK - North
Crumpsall Unwind,91712,Cheetham Hill ATE UW,UK - West
Creamfields Temp 3,92051,Creamfields Temp 3 2022,UK - South
Wharf Rd Saint Ives TR26 1LF,25584,FW ID CORN23072,UK - West
Bolton Woods,10850,Kingspark Car Park,UK - North
Virgin Pendolino Train  390037,39957,Carriage 69537,UK - South
Replc-CSR-75135-Baker Street 62748 repl,85361,Sweet Liberty,UK - London
Edgewood Road,89189,SW on Edgewood Road,UK - West
Bradford Manningham,43229,Grosvenor Garage,UK - North
Grove House 3 Grove Pl Swansea,25637,Freshwave ID SWA 010099,UK - West
KINLOCHLEVEN BEACON,78427,CCUK TRANSMITTING STATION BEACON,UK - North
NTQ-CSR-7882-96 Snowsfields,86552,Hamilton Square,UK - London
Hatton Easter,69905,Hatton Easter,UK - North
73307 (48834) Arsenal Stadium Das 2,73307,73307 (48834) Arsenal Stadium Das 2,UK - London
Luton GTG T3,75602,Hedley Rise Streetlamp,UK - South
IMPERIAL DRIVE,33891,The Turret/Peters Pet,UK - London
Tantobie,74595,Town Head Farm - Tantobie,UK - North
Ontix-108 Baker Street,92286,Column Ref ID 16403,UK - London
SALMESTON,35377,QEQM Hospital Chimney,UK - South
WATERFORD 10927VF 69334o2 Rep,97496,Tree Heritage GF Roadside,UK - South
Fallowfield Unwind superseded,92530,Wilbraham Road,UK - West
Petts Wood_CS,44124,PETTS WOOD STABLES,UK - London
Dundas Court Cowcaddens,64487,CS_23913_Voda_83095,UK - West
Dunamanagh,74736,Brook Hall,UK - North
Leeds Festival 6 2020,92038,Leeds Festival 6 2024,UK - North
OX 3,100223,Unit ID 22,UK - South
Rippingale Dunsby,74870,T-Mobile mast at Graby Farm (Arqiva),UK - South
St Pauls (9070 Temp Replacement),98158,St Pauls School-,UK - London
New NTQ Perm Replacement (Hoghill CSR 009281),25357,Calderwood GF,UK - North
Edinburgh Crewe B,67877,Edinburgh Crewe B,UK - North
33068_vf NORTHREPPS,74334,Hill Poultry Farm VF-33068,UK - South
Brunswick Park North,33724,Brunswick Park North,UK - London
North Harold Hill,44411,North Hill Drive,UK - London
Kettlewell,23190,Middlesmore Pasture,UK - North
110 Deptford High Street SE8,8478,Tomi's Kitchen,UK - London
Ardwick le Street,1937,Markham Grange Nursery,UK - North
Montrose,1469,Cornerstone_15563_Voda_80644,UK - North
Carshalton Beeches,33863,Beeches Avenue Flexi,UK - London
TNS0256A LOCH KATRINE,24938,LAND AT PORTNELLAN,UK - North
DUDDINGTON (6026VF),71343,DUDDINGTON VF,UK - South
Middle Rasen East,71131,Land Adjacent Gallamere Lane,UK - South
St. Osyth GTG T2,75377,St Osyth SW,UK - South
Newcastle Airport Shared Access DAS,87558,Newcastle Airport - Shared Access DAS,UK - North
Clacket Lane Services,6764,Clacket Lane Services Mercury,UK - London
CAMLOUGH,15067,TEMP SITE AT CCI SITE ID 140434,UK - North
Lesser Hampden Unwind,93336,Battlefield Court Flats,UK - West
Claonaig Scottish,77120,Scottish Hydro Electric Radio Station,UK - North
VICTORIA EMBANKMENT SOUTH,43325,1 Parliament Square,UK - London
Leckwith Rd,88775,Newton Road/Sloper Rd Junction SF,UK - West
Apple Stockley Park,44290,Apple Stockley Park,UK - London
Ashington Hirst,22799,North Seaton Road SW,UK - North
Wakefield Belle Isle,31198,Industrial Sheet Metal,UK - North
BURWOOD PARK,5215,CTI Mast,UK - London
Edinburgh Gate,18807,Princes court,UK - London
BALLYGOBIN,7608,Ballygobin 2,UK - North
Abbey Wood East,10697,Z Thamesmead ATE,UK - London
Cabinet Office The Capital Liverpool,85855,Cabinet Office The Capital Liverpool,UK - North
Bow Church Station,47060,City Stay Hotel,UK - London
73360 parallel,95594,Bells Hill SW,UK - London
Column Ref 15740 OPP JN ORCHARD ROAD STATION ROAD,90796,Column Ref 15740,UK - London
Great Clacton,49352,CS 18869 VF 82044 - St John's Streetworks,UK - South
3 Queens Road,24452,RDG10926443,UK - West
NEXT Desford Road Enderby,23346,NEXT Desford Road Enderby,UK - North
Romanhurst,44145,Hayes Lane SF2,UK - London
Unwind 79161,92987,Haden Hill_,UK - West
o/s 77-79 Kingsland High Street Hackney,95390,Arqiva Kiosk Id HCK-0112-7009,UK - London
Arkendale,71102,Housemans Field,UK - North
NTQ replacement for 10146 (Palmers Green),99842,NATIONWIDE 7,UK - London
Willian Nash,33748,Wyevale Garden Centre Letchworth,UK - South
Stevenage Shephall 3G (VF47237G),69350,Lamppost 303,UK - South
EAS0136 Woodlands at Cashlie Power Station,24354,Site by Woodland at Cashlie,UK - North
VF30166,71554,Kew Gardens,UK - London
OPP NO 350 HARROW ROAD PCO1 HARROW ROADÂ LONDON,91191,K100 2072864310,UK - London
Cleadon (2493 replacement),40051,Newcastle Rd,UK - North
Arqiva 302241,73439,Ashton Playing Fields GF,UK - London
Duns,34283,Aitken - Walker Cars,UK - North
225 Norbury Avenue Thornton Heath,100807,Freshwave asset ID LBC 014537,UK - London
SUNDIAL FARM,68351,SUNDIAL FARM,UK - North
DARTFORD DA26LZ,84721,Vf 4972 Adj to No. 1 Plot,UK - London
ASHFORD HOUSE,46627,ASHFORD HOUSE,UK - London
Nairn West,37486,Nairn County FC,UK - North
St Brides Street,84453,Column Ref L2N04,UK - London
Low Snaygill,6637,Summerseat Farm,UK - North
EAS1043 - BENDORAN WEST,24403,BENDORAN WEST,UK - North
DOWNINGBURY FARM,67063,DOWNINGBURY FARM,UK - South
Durants,44352,Glyn Road SW,UK - London
Alnwick Town,4348,alnwick bt exchange,UK - North
Knockanrock,6465,Knockanrock,UK - North
KumarS104,11420,Wilesthorpe Lodge Farm,UK - South
Hadleigh South,74634,Hadleigh United FC,UK - South
Wooler Horsdonside,73037,Wooler,UK - North
Easingwold North,36666,Barn at Longbridge Rd,UK - North
WOODLOES,15795,Wedgenock Park Farm,UK - South
Embankment TFL1,80703,Park Building,UK - London
St. Pancras Road North NW1_Micro,70836,Relic Antique Warehouse,UK - London
SercovHomer Rd Solihull,86556,Serco Homer Rd Solihull,UK - North
NHIB FW 4G EC1M 3HE Snapchat Bloom Clerkenwell  2-6,25577,NHIB FW 4G EC1M 3HE Snapchat Bloom Clerken,UK - London
Portslade Replacement,91637,Portland Road/Olive Road SW,UK - South
Arqiva 168713,73113,GARSTON TE,UK - London
Joppa Central,44518,Milton Road East SW,UK - North
KIRKCALDY BY-PASS,13565,Oriel Road SF,UK - North
BOWTREES FARM,67926,BOWTREES FARM,UK - North
Tam Freasley_46200VF,72305,Tam04 - Freasley,UK - South
New Temp Replacement (NTQ Inglewood CSR 38314),25559,Greenfield site at Alloa Eastern Link Road ,UK - North
Telford Priorslee Area,47658,Castle Farm Way SF,UK - West
Serco Lilleshall,67445,Serco Lilleshall,UK - West
OS104 HARROGATE EAST,18742,Streetworks on Hookstone Chase,UK - North
Surrey Quays,3437,Albert Starr House,UK - London
Stokenchurch West 1328vf,80361,Hill Farm - Stockenchurch,UK - South
Walsworth Hitchin (VF36885B),69347,Walsworth LPSO - SF,UK - South
Bradford Crossley Hall Perm,23469, Allerton SW,UK - North
Copt Oak,93,Copt Oak RS,UK - South
SOUTH PELAW,34866,SF on Pelton Lane (A),UK - North
Finaghy,11284,McMurray Street Works,UK - North
Thorpe Peterborough 11673 Replacement,42060,CS 3026 VF 54056 Thorpe Lodge Hotel,UK - South
Tuxford Lincs,8806,Lodge Lane Ind Est Vodafone,UK - South
Oxleas Meadow,10571,Eltham Grid Flexicell,UK - London
Tatling End,4330,Gerrards Cross Fire Station,UK - London
Belfast Ardoyne NI_D,87715,Alliance SW,UK - North
EXISITNG PHILIPS TELECOM MAST,70336,EXISITNG PHILIPS TELECOM MAST,UK - South
2017 McD P1 McDonalds Kilburn High rd,81495,McDonalds - Kilburn,UK - London
WHITEFARLAND POINT,73739,STRATHCLYDE POLICE RADIO STATION  (38025985),UK - North
HATCHEND,5491,APT Control,UK - London
Tullycarnet,11277,Cornerstone 4286_Vodafone 33791,UK - North
SRN 93000748,24113,Opinan,UK - North
Bradford Greengates,45792,SW on Harrogate Road (Outside Retail Park),UK - North
South Chertsey,10691,Orange Tower,UK - London
Ashtead Chace Stud Farm,43458,Cornerstone 10035_Vodafone 48354,UK - London
Llanddewi-Brefi,51034,Bronhelem 1,UK - West
Kit's Koty A229,86573,SW Lower Warren Road,UK - South
Harley St Micro (4574 Parallel HLD),84299,Harley Street Oral Reconstruction Centre,UK - London
High Barnes,16784,SF Opposite St. Gabrielle Church,UK - North
Harbourland PERM,64356,A249 Street Furniture GTC,UK - South
Unwind 32767,92625,BESCOTT LAND OFF DARLASTON ROAD,UK - West
Bradford Moor,10852,Yorkshire Finance & Insurance,UK - North
85098 (48387) 260 Bath Road Inbuilding,85098,85098 (48387) 260 Bath Road Inbuilding,UK - London
Edinburgh OXGANGS ROAD NORTH,44503,Oxgangs Road North SW,UK - North
Liverpool Wavertree East New (B3),25786,Church Road North,UK - West
Arqiva 167493,73375,UPMINSTER ATE.,UK - London
Bassetlaw Hospital Worksop,22684,Bassetlaw Hospital Worksop,UK - North
Hayes AOC 1,78784,Church Road SW.,UK - London
SANDOWN PARK,5216,Racecourse Grandstand CS.4719_VF.46755,UK - London
71542 parallel,95331,41 Tower Hill,UK - London
Addington LFB,5045,Addington Fire Station,UK - London
Abingdon Cemy,8278,Larkmead School,UK - South
PAINES WOOD SITE,67498,PAINES WOOD SITE,UK - South
Holywell Street,33709,Horse & Groom Pub,UK - London
Rothwell Town,40604,Rothwell ATE,UK - North
o2 Retail 001 Slough,24721,o2 Retail 001 Slough,UK - London
O/S 301 KILBURN LANE,90534,Column Ref ID L04253-42,UK - London
Stoney St Southwark London,97316,LBSK 004005,UK - London
National Grid  Watford,23366,National Grid  Watford,UK - South
Green Street North,72121,Streetworks Forest Gate Police Station,UK - London
BURTONWOOD,37430,Allied Engineering and fabrication Ltd,UK - West
36-38 Essex St,24591,Freshwave ID BCC 015918,UK - West
VF76076,72449,Albert Westcott House,UK - London
Canterbury St. Martins,68174,Canterbury - St. Martins,UK - South
Warrington Temp 1,24806,Warrington Temp Site 2023,UK - West
Chaddesden South New Parallel (34922),80878,Nottingham Road SW (NEW),UK - South
Glastonbury Steanbow Farm,88057,Glastonbury Steanbow Farm 2024,UK - West
Pontefract Priory,31061,King Charles II House,UK - North
Culford Road,46400,The Scolt Head,UK - London
Siemens Wharf Road Oxford,87371,Siemens Wharf Road Oxford,UK - South
LD 320 13168 Ebury Bridge Estate,91117,Woods House,UK - London
BRICKYARD FARM,80586,Brickyard Farm,UK - South
Belfast Dunluce,62856,Cornerstone 19596_Vodafone 82240,UK - North
Lampton West,44107,Great West Road street furniture,UK - London
Caxton,1038,Bourne Water Tower,UK - South
Rushpark South,34808,Cornerstone 3382_Voda 77987,UK - North
63474 (48849) Olympic Ricoh Arena DAS_4,63474,63474 (48849) Olympic Ricoh Arena DAS_4,UK - South
Addiscombe LFB,3422,Woodside Fire Station,UK - London
Clarendon PK Replacement,23083,St Leonards Court_2,UK - South
O/S 142 Well Hall Road London SE9 6SN,100549,Ontix ID GRE10413536,UK - London
South End Bedford,34545,Cornerstone 2888 _ Voda 77898,UK - South
Anstruther Wester,3548,Crawhill,UK - North
STAMFORD (37505VF),71327,STAMFORD (37505VF),UK - South
O/s 3 Craven road,24496,Ontix Asset ID RDG10928038,UK - West
Mablethorpe,4164,Anglian Water,UK - South
Maida Vale (NTQ 39117 Temp Replacement),76703,99 Chippenham Road,UK - London
Elland Road West Yorkshire Police,71280,West Yorkshire Police Elland Road,UK - North
Orpington Rail Station NWR,44129,Crofton Halls Car Park,UK - London
Enhancer Network Rail Faversham,44303,Network Rail Faversham,UK - South
Bushgrove Road,16514,Becontree Furniture Ltd,UK - London
GIPSYVILLE,5551,Masterpiece Sculptures Ltd,UK - North
Kirkholt Unwind,92788,Ruskin Road GF,UK - West
Deans West,17532,Deans Road North,UK - North
Horseley Hill,70517,Lothian & Borders Police Mast,UK - North
o2 Retail Norwich Chapelfields,91427,o2 Retail Norwich Chapelfields,UK - North
Leeds Mill Hill,8909,MX Aquis House.,UK - North
National Grid  Battle,23365,National Grid  Battle,UK - South
Fort William Replacement,24155,GF at SPAR,UK - North
30805_VF Severn Meadows Road,74407,Church Farm/Severn Meadows Road,UK - South
Coombe Park,5069,Shirley Hills2 Flexicell,UK - London
Honor Oak SE23 (2191 Repl),71688,Forest Hill Police Mast,UK - London
South Hornchurch 2 (39066 Temp replacement),95870,139 171 Church Elm Lane (MBNL TEMP 38397),UK - London
Orange Site Share Winchburgh,67908,Orange Site Share - Winchburgh,UK - North
HOLGATE,16046,Cedar Court Hotel - CS10712 _ VF55295,UK - North
North Evington,35203,E Quality Clothing,UK - South
Silverstone Event Temp 2,79691,Silverstone Event Temp 2 2024,UK - South
Covent Garden Market,79956,Covent Garden Market,UK - London
Homerton High St Homerton London,96792,HAC 000240,UK - London
VENETIAN RD-CUTCOMBE ROAD,86807,Arqiva Lambeth  C0429-07,UK - London
Cowley North (VF22275B),69820,Peterley House - VF,UK - South
Ontix-491 Oxford Street,92279,ONTIX ASSET ID WSM10814,UK - London
Virgin Pendolino Train  390004-1,39977,Carriage 69804,UK - South
Moneymore Maxwell,70444,RJ Maxwell Quarry,UK - North
LECHRA HILL TNS0078A,24896,LECHRA HILL,UK - North
Maovally,6429,Shin Maovally HRC Tower,UK - North
Clachan Hilltop,95662,Hilltop at Clachan,UK - North
S4GI005 Swindon Hill,24337,Sourhope S4GI005,UK - North
Leyfields,34933,Cornerstone 3847,UK - South
Scriven,37293,Park Nurseries,UK - North
Golders Green North (NTQ replacement for 10437),73291,21 Temple Fortune Mansions (Boots),UK - London
East f/wy opposite Bryony Road o/s 65-93 Charnock House by Access Road BLOEMFONTEIN ROAD,90699,Column Ref 1204506,UK - London
Charing Cross Station,2782,Charing Cross St Station,UK - London
WOODALE EAS0071,24645,COVERHEAD FARM,UK - North
O/S TUBE STATION WALM LANE,88003,Column Ref L02250-14,UK - London
Auchelie TNS,23685,Land at Carn nan Seileach No2,UK - North
Slough Borough Council Slough,91972,Slough Borough Council Slough,UK - London
OPP. COLLEGEE STANHOPE STREET,87325,Asset Ref  894037,UK - London
VF87690,72056,Hythe Avenue SW,UK - London
Ontix- Jn Harley Street- Devonshire Street,92260,Ontix Asset ID 6832,UK - London
Whitby,1241,Whitby Football Ground,UK - North
Virgin Pendolino Train  390022-1,39995,Carriage 69822,UK - South
Eastbourne Terrace REPL 9292,74058,Sussex Court.,UK - London
QE II Hospital Replacement_2,72322,Birch Court 2,UK - South
South Weald TEMP,24578,B.T. 1 London Rd Carpark,UK - South
Vodafone Beacon 5427,70877,SWAFFHAM,UK - South
Lyndhurst Court,24222,Lyndhurst Court 310,UK - South
VF87759,71926,Dewsbury Gardens SW,UK - London
Killymaddy,69934,Killymaddy,UK - North
Whites Bridge Farm,69034,Whites Bridge Farm,UK - South
Boulby,4163,BT Exchange,UK - North
Riding Mill GtG,77039,Whiteside.,UK - North
32117_VF Smockington Lane,74420,Smockington Lane_32117vf,UK - South
Rosyth South (NTQ Rep csr34524),48909,Admiralty Road SW,UK - North
Kinlochewe,6313,Kinlochewe,UK - North
o2 Retail The Gyle Edinburgh,86293,o2 Retail The Gyle Edinburgh,UK - North
Burgess Park North,45168,CS 12183 VF 78147 Capital Glazing,UK - London
Replacement for 71789 SW Claremont Lane,92043,Clare Hill Golf Course,UK - London
Leeds Festival 2,75106,Leeds Festival 2 2024,UK - North
Greenburn,42896,Coachhouse Aberdeen,UK - North
Great Western Road W11,9864,60 Great Western Road,UK - London
Great Bramingham,37632,Northwell Drive SF,UK - South
Malham Tarn,23189,Water Houses,UK - North
79365 (78247) Belfast City Hospital DAS 3,79365,79365 (78247) Belfast City Hospital DAS 3,UK - North
Avery Row W1,5568,11 Avery Row,UK - London
Plaistow Broadgate (039099),39099,Stansfeld Road SF,UK - London
CSR 72405 replacement Lowestoft,23808,CSR 72405 replacement Lowestoft 2022,UK - South
Brook Street Essex,2158,Brook Street,UK - London
Epsom Horton 3G,41053,Corner of Chantilly Way & Hook Road SW,UK - London
WESTBROOKE,20603,A28 Street Furniture,UK - South
Willsfield,10577,Quarter House,UK - North
Ballyharry West,12137,DOE Whitespots,UK - North
Bushey 3G,47281,High Street Streetworks Bushey,UK - London
Loch Maree Letterewe,72556,Loch Maree - Letterewe,UK - North
Millington Grange,72830,Waytham Farm Opposte Millington Grange,UK - North
Claps Gate LnNewham,100136,LBN 003500,UK - London
Bermuda Park Nuneaton,63245,St Davids Way Streetworks,UK - South
Milton Keynes Crown Walk,9610,Milton Keynes Crown Walk,UK - South
OLD JEWRY,43551,10 OLD JEWRY,UK - London
Vodafone 5798,70314,HORTON FIELDS,UK - South
Hanway St W1 (5561 repl),71318,Rose of York Language School,UK - London
New Parallel for 46525o2 54554vf,23607,Spark Street,UK - South
Liverpool Thornton (B3),88966,Lydiate Lane ,UK - West
RAF MUSEUM HENDON,36082,Aerodrome Rd SF,UK - London
Hull Cottingham New Village,42705,F J Whiting LTD,UK - North
Firth Moor Central (16847 replacement),47183,Cornerstone.15844_Voda.64428_1,UK - North
Scatraig,70043,Scatraig,UK - North
A1 NORTHBOUND- MARKHAM MOOR SERVICES-,76609,Little Chef A1,UK - South
JARROW SOUTH,49192,SW Leam Ln,UK - North
Killucan,4220,Sand Pits,UK - North
Hither Green (5245 Repl),74359,Shell Petrol Station-Perm,UK - London
Serco Cardinal Place 100 Victoria St,85147,Serco Cardinal Place 100 Victoria St,UK - London
1ST FROM EUSTON ROAD CHURCHWAY,91446,Arqiva Ref TEF_AC1253c,UK - London
64639 (47160) St James Park IBS 5 U900,64639,64639 (47160) St James Park IBS 5 U900,UK - North
Gargrave Airebank Mills,71108,Airebank Mills,UK - North
Irthlingborough Road VF,71007,Irthlingborough Road VF,UK - South
Fenchurch South,4842,Cornerstone 4785_Vodafone 73084_0,UK - London
VF86098,71531,Ellerton,UK - London
Sompting,2552,Lancing Leisure Centre,UK - South
North Towie Turner,69899,North Towie Turner,UK - North
Queen Alexandra Hospital,44860,Queen Alexandra Hospital,UK - West
Lambert Smith Hampton Edmund Street Birmingham,25100,Lambert Smith Hampton Edmund Street Birmingham,UK - North
Duke of Westminster Eaton Estate,88438,Duke of Westminster Eaton Estate,UK - North
1 Green Wrythe Lane Carshalton SM5 2DS,100588,Ontix ID STN10138389,UK - London
Next Enderby,46558,Next Enderby,UK - South
Hampstead Garden Suburb Micro,43185,Indian Ocean,UK - London
144 High Street HA4,8757,McDonalds,UK - London
Vodafone Beacon 5664,70883,GT GRANSDEN,UK - South
IKEA Wembley DAS,24237,IKEA Wembley,UK - London
KINFAUNS,17270,UPPER TARSAPPIE,UK - North
Iba Black Mountain,71656,site No 09307 Black Mountain SC,UK - North
Stepney Hull,70031,Stepney Hull,UK - North
UBS 5 Broadgate,79520,UBS 5 Broadgate,UK - London
Finningley Town,74572,Finningley - BT Exchange,UK - North
Ivory Route 1 (VF37139A),69328,Twyford Bury Lane,UK - South
Curbridge VF 5947,74309,Site at Manor Farm - VF5947,UK - South
Land off Stamford Road,67416,Land off Stamford Road - WEST BRIDGFORD,UK - South
45-49 Clayton Square Shopping Centre Great Charlotte St LiverpoolÂ ,25674,Freshwave ID LIVE000003,UK - West
(75128) O2 Store Stratford Westfield Centre,90380,(75128) O2 Store Stratford Westfield,UK - London
Stanford le Hope,851,Stanford-le-Hope T.E.,UK - South
Unwind 5853,92933,HOLLY MOUNT.,UK - West
North Headington (VF69914A),69919,Marsh Lane,UK - South
Brunswick Square,46409,BRUNSWICK SQUARE,UK - London
Bradford Paradise Green New,23636,Tesco Extra Carpark,UK - North
Stoke Green,16454,Wexham_Park_Hospital,UK - London
NHIB FW 4G N7 9BG Look Ahead Group 1,25664,Look Ahead Group,UK - London
ALDERSGATE EC1 3G,47814,Aldersgate Hse,UK - London
Thurncourt Road Replacement for 16053o2,25425,Thurncourt Road ,UK - South
Stoke Golding,74743,Stoke Golding ATE,UK - South
Melldalloch PNS,95581,Auchalick Wood,UK - North
Portland Tower,23476,Portland Tower Student Accomodation Rooftop,UK - North
Perm Replacement of NTQ CSR 45539,92365,Kingswood Apartments,UK - London
St Peters Church Cornhill,78845,St Peter's Church Cornhill,UK - London
Ballyduff,34483,Hillside Nursery Centre,UK - North
Hayes Parki,69968,The Bicycle Warehouse,UK - London
Arqiva SC LBC 5516,78482,OPP 50A FROGNAL,UK - London
Twickenham_TW1  Micro,70863,St Mary's University - The Exchange,UK - London
o2 Retail Middlebrook Bolton,25922,o2 Retail Middlebrook Bolton,UK - North
Boucher Road Windsor,10241,Donegall Road Street Works,UK - North
CASTLEFORD INGS (NTQ_O2_15492),65396,SW on Queens Park Drive,UK - North
Shepherd Market W1,7775,2 Shepherd Street,UK - London
HAWES,18771,Airwave Mast - NYK068,UK - North
Outwood Hills Farm_7893VF,72275,Outwood Hills Farm,UK - South
Basildon ATE,69026,Basildon ATE - Basildon,UK - South
Wide open sandison court,74609,Sandison Court Brunswick Industrial Estate,UK - North
Bradford Lidget Green,43260,Legrams Comercial centre,UK - North
KPMG DAS,76237,KPMG DAS,UK - London
Replc-CSR-5821-DH Evans Oxford ST W1,85324,UNIQLO,UK - London
TNS0059A,24891,SGALABHAL HILLTOP 1,UK - North
69019 (69017) O2 Arena Car Park 1,69019,69019 (69017) O2 Arena Car Park 1 U9,UK - London
Replc-70736-Shoe Lane EC4_Micro,86163,Lexis House (Car Park/Ground Floor),UK - London
Marsh Lane- Unwind 16679,92926,Lakeside Industrial Park,UK - West
NORTHAMPTON CENTRAL,5281,Transco Mast SP-0059,UK - South
NTL Skipton,71118,NTL Skipton - Greenbank Farm,UK - North
32 High St Oxford OX1 4AN,23859,Freshwave ID OXFD 026613,UK - South
REDMET 28,91113,REDMET 28,UK - London
Hagley ATE,91769,Hagley ATE,UK - West
Upminster,96886,Roomes Department Store,UK - London
Liverpool Hope University (B3),93236,Liverpool Hope University.,UK - West
Benson (VF4308B),69831,Land Adj to Benson Airfield(VF4308B),UK - South
Station Road South Norwood,96365,Freshwave ID LBC 020676,UK - London
SK3-P3,100277,Ontix ID LIN10494306,UK - South
Bradley Rawthorpe,42994,Dalton Baptist Church,UK - North
O/S Holy Trinity Church  Sedding St  London,86837,BT Payphones  02077 302834,UK - London
Bletchley Railway Station,73853,British Rail Bletchley VF,UK - South
Wellingore,74748,OPCS - LIN0026/ Arqiva,UK - South
Mercedes Milton Keynes ( Data CSR for 78297 ),79656,Mercedes Milton Keynes ( Data CSR for 78297 ),UK - South
CNOC NAN AGH,23147,FLS land - Cnoc nan Agh,UK - North
Branston GTG T2,75367,Shared Access - SA011156 - Tennis Ground Branston,UK - South
BELGRAVE (11944 REPLACEMENT ONE) EAA,40070,Cornerstone 3578 _ Voda 77437,UK - South
Billingsgate Market SF,32787,Cornerstone 9566_Vodafone 78587,UK - London
Torran Cuilinn TNS,22601,Loch Coulin,UK - North
Chiswick High Road (38246 NTQ Perm Repl),89407,214  CHISWICK HIGH ROAD,UK - London
RAF Coltishall,74645,SW Lamas Road,UK - South
Dumfries and Galloway Hospital,79074,Dumfries and Galloway Hospital,UK - West
Southern Water Pumping Station,68231,Southern Water Pumping Station - Strood,UK - South
Woodsend Unwind,92502,Boundary Trading Estate,UK - West
Clifton Lane,72790,Greenland Plantation,UK - North
Darenth South,10132,Mills Nursery Orange Mast,UK - London
A114 Woodford Road (2 repl 2254),25089,Capel Point,UK - London
CRAIGLOCKHART TA CENTRE,67815,EDINBURGH CRAIGLOCKHART TA CENTRE,UK - North
Wakefield City,10804,Wakefield House,UK - North
Archway Tower,44807,Whittington House GTC,UK - London
Craigton Unwind,93353,Craigton Industrial H3G,UK - West
Westacre Estate Gallow Hill (Gayton),73923,Westacre Estate,UK - South
59 King Street London UB2 4DQ,100568,Ontix ID EAL10370184,UK - London
21-22 Great Castle Street,96604,Ontix Asset ID WSM10005862,UK - London
Aberchirder,69885,Aberchider,UK - North
Byfleet,1551,VODAFONE MTX,UK - London
Poplar,3780,Poplar ATE,UK - London
Doncaster Malcolm Barlows Yard,46298,Malcolm Barlows Yard,UK - North
Thrumster,6378,Thrumster (BT),UK - North
Kentish Town,2086,Cornerstone 10344_Vodafone 78783,UK - London
CRAGG HILL,16898,Pylon VR046,UK - North
230 Broad Street,24418,Ontix Asset ID BIR11007241,UK - West
Queensferry,1890,London Links,UK - North
Harpenden GTG T3,75614,Luton Road Streetworks,UK - South
Fenchurch St 1,85032,Column Ref L6N08,UK - London
9025 replacement,45237,CS.12199_VF.76853 - Court Rd SF,UK - London
Vodafone 5728,70307,BRAMPTON HILL FARM,UK - South
Londonderry (2170 replacement),82009,Glenaden,UK - North
LAND AT DYEMILL,25727,Land At Dyemill,UK - North
Kempston 36762 New Parallel,22624,Halsey Road SW 1,UK - South
Stanton Hill,34912,Beaufort Construction H3G Co-Lo,UK - South
Unwind 84739,92911,M&M Steel Stock.,UK - West
OPP 37B ACTIVE AGE CENTRE-GRANGE ROAD,86215,Column Ref 14922,UK - London
Beauchief,749,Bradway Recreation Ground,UK - North
O/S 50-TOOTING HIGH STREET,86258,Column Ref 172798,UK - London
Douglas Park,91693,Bearsden Arqiva,UK - West
Monkspath Unwind,88756,SW's on Stratford Road,UK - West
Brighton Esplanade 2,72386,PITCHER AND PIANO 1-5 KINGS ROAD,UK - South
Heathrow Terminal 4 (84412) IBS Data 2,84414,Heathrow Terminal 4 (84412) IBS Data 2,UK - London
Cyncoed Road,88766,Glenwood_SW,UK - West
ISS2A DOVER AREA,31184,Dover Athletic CCI Mast,UK - South
105 High St Oxford OX1 4BW,23858,Freshwave ID OXFD 026618,UK - South
Witham,739,Witham TE,UK - South
Ruchazie Unwind,89137,Gartloch Road SW B765,UK - West
Lutterworth East,37457,Warren Farm,UK - South
Capita Business Services BBC Bristol,24169,Capita Business Services BBC Bristol,UK - South
Sluie Hill,3911,Sluie Hill,UK - North
SHEPSHED,5176,Shepshed Dynamo FC,UK - South
Gedney C_PE12_7,86946,Norfolk House Farm,UK - South
JW  kennington oval  BOWLING GREEN STREET,91558,Arqiva Ref C0214-08,UK - London
National Grid Bacton Terminal,96470,National Grid Bacton Terminal,UK - North
Bupa Wantage,87893,Bupa Wantage,UK - South
Reading Festival 2 Supercell,92099,Reading Festival 2 Supercell 2024,UK - West
Leeds Central Station,4322,Leeds Central Station,UK - North
Bradford Dennis Bellamy Hall,45797,DENNIS BELLAMY HALL CS,UK - North
Unwind NSO 18897vf for Unwind REPL 76707o2,25716,Waitrose Car Park (SW) GF,UK - South
Limbury,2175,Cornerstone 321_ Voda 32301,UK - South
Unwind 84722,92651,SW Lye Bypass_,UK - West
thanksO/S STADIUM Rugby Road,90769,Column Ref 3023638,UK - London
CCI MAST,68100,CCI MAST - MILSTEAD,UK - South
Ardmore PNS,95565,BT Co-location,UK - North
TIPTON ATE Unwind,91761,TIPTON ATE Unwind,UK - West
Arqiva 68135,73164,NORTHOLT AERODROME MD,UK - London
CMS Cameron Mckenna Cannon Street,71402,CMS Cameron Mckenna Cannon Street,UK - London
Bellair,4217,BBC Mast,UK - North
Glasgow Switchback,88844,Switchback Road SW,UK - West
New site Replacing CSR 38409,25163,Gallery Road SW's,UK - London
Priors Marston GTG,75774,TheMeadows,UK - South
Virgin Pendolino Train  390025-1,39998,Carriage 69825,UK - South
PARK TE,18608,Cornerstone_12423_Voda_79533,UK - North
Unwind 5733 Replacement ,25667,Tyburn Trading Estate,UK - West
Market Street Unwind,92549,Marble Street.,UK - West
Unwind 5893,92863,Tamworth Lane Depot,UK - West
Torwood (NTQ for Beacon site 67927),2207,Kersebrock,UK - North
Unwind 84743,92916,Archive 2000.,UK - West
Galgorm/Ahoghill North,25429,Lisnafillon Road GF,UK - North
The Wood Yard,66899,The Wood Yard - Sandhill Lane,UK - South
Durham Services 3G,34022,Adopted Public Highway - A688,UK - North
Kidlington North,2605, Fire Station,UK - South
Edinburgh Queen Street,44454,Edinburgh Queen Street,UK - North
Hulme West Unwind,89079,Footway to rear of Globe Works,UK - West
Tyndall's Park Whiteladies Road Clifton,25649,ONTIX ASSET ID BST11713089,UK - West
Glen Torridon,72555,Glen Torridon Water Treatment Works,UK - North
O/S Hammersmith Apollo  Queen Caroline St,85646,Ref  75203.8,UK - London
Ebbsfleet,84748,Wallis Park,UK - London
Nether Heyford South,35165,New Creation Farm,UK - South
Turners Ltd Boston,68823,Turners Ltd Boston,UK - South
Donnington Muxton Infill onto VF site 55254A,47684,Muxton,UK - West
Paddington AOC 1,78699,Metropole Hilton,UK - London
Replc-9699-67 Fenchurch St EC3,85706,BETFRED 107,UK - London
Knockarthur,6364,S.H-E. Tower,UK - North
Newlands Park,25579,Metropolitan Police - Newlands Park,UK - London
223 225 Whitechapel Rd Greater Whitechapel,100211,FW Asset ID LBTH 015731,UK - London
Bearwood ATE Sandon Rd,91790,Bearwood ATE Sandon Rd,UK - West
Liverpool Tax Office (B3),91685,Bootle Litherland Road (A),UK - West
IKEA Croydon DAS,24238,IKEA Croydon,UK - London
Pomona South Unwind superseded,92531,West Point Car Park.,UK - West
Blyth Services,2355,ZPML Blyth,UK - North
CURTIS MILL GREEN,5461,One-2-One Mast Loft Hall,UK - London
Wilden  SMIP,87548,Exisiting MBNL Site EE 10494,UK - South
Dartford Rail,84732,1 - 55 Temple Hill,UK - London
M2 JNC 5 (NI) Ballymartin,71651,M2 JNC 5 (NI) - Ballymartin,UK - North
ASHBY FOLEVILLE (10987VF),71310,ASHBY FOLEVILLE,UK - South
LAND ADJ A38 VF 11576,74387,Opp Derbyshire Hotel,UK - South
Nexus Metro Gateshead Bridge,33873,Nexus Metro,UK - North
New NTQ Temp Replacement (Hoghill CSR 009281),25358,Temp Greenfield off Oakbank Road,UK - North
New Parallel for 37650o2,22795,Chelmer Road SW,UK - South
9-3 Stoney St LondonSE1 9AA,100194,Freshwave ID LBSK 006979,UK - London
Anglian Water Tower (Mundesley),71442,Anglian Water Tower (Mundesley),UK - South
Perm Replacement of CSR 71529,91650,Landon Walk Flats,UK - London
O/S 17 19-FASSETT ROAD,86217,Column Ref 14968,UK - London
180 Castelnau Richmond,100827,Cellnex ID 3025006,UK - London
Farnborough IECC,91120,Farnborough IECC,UK - South
LITTLE REVEL FARM VF 8101,74368,National Grid Pylon Za-477,UK - South
Mitcham Lane Baptist Church,43981,Mitcham Lane Baptist Church,UK - London
CTI WESTERGLEN,67930,CTI - WESTERGLEN,UK - North
O/s 401 St John Street,87272,Asset ref 20815,UK - London
Brandywell (43816 Foyle West Replacement),87211,Brandywell Playing Fields,UK - North
Holiday Inn Empire Way,80002,Holiday Inn - Empire Way,UK - London
Haywards Heath Replacement,4045,Stockwell House,UK - South
Whitstable Tankerton,46364,CS.14479-VF 62257 Infill,UK - South
Barlby Road W10 (NTQ REP 10457),81153,Grand Union - Studios,UK - London
Staines Central,37981,Knowle Green SF,UK - London
Birgidale Road,64525,CS_24023_VF_83110,UK - West
PORTSLADE,17350,Kingston Broadway Flexicell,UK - South
Thurnscoe Village,75483,Thurnscoe Sports Ground,UK - North
Southwark Street,47040,61 Southwark Street,UK - London
Newry Town,2333,Moor Hill (Mill),UK - North
Colddean,22185,Coldean Lane Monopole,UK - South
SKELMANTHORPE,4994,Skelmanthorpe Fire Station,UK - North
The Mall Wood Green SC,81815,The Mall Wood Green SC,UK - London
Cornton (NTQ Rep csr9335),71028,East Cornton Road SW,UK - North
Glastonbury Steanbow Farm Supersite,25527,Glastonbury Steanbow Farm Supersite 2024,UK - West
Loch Assynt Lodge,95678,LOCH ASSYNT LODGE,UK - North
Northumbrian Water Lound,81206,Northumbrian Water Lound,UK - South
Shouldham GTG-250,80689,Cunnington's Barn,UK - South
VF78845,72083,Global House,UK - London
Unit L16 Bullring,24423,Freshwave ID BCC 022814,UK - West
Souldern,5646,Souldern Mercury,UK - South
Bradford Buttershaw North,45785,ZLO Horton Bank Top,UK - North
Next Swindon,89764,Next Swindon,UK - South
Somerset House Courtyard,79895,J&S Franklin Ltd,UK - London
Cwmbran 3134 Replacement 2,66850,Avondale Business Park (New Location),UK - West
Old street micro (4522 Replacement),49501,40 City Road,UK - London
Globe Town,32757,Bow Wharf Chimney,UK - London
Beckenham,1540,Rokell House,UK - London
336-316 Ilford Ln Ilford IG1 2LT,95196,BT Lamppost Ref 37,UK - London
Walthamstow East Temp (38244 repl),84336,17 to 39 Grosvenor Rise East - Temp,UK - London
A.L. DIGITAL COMMUNICATIONS,67675,A.L. DIGITAL COMMUNICATIONS,UK - South
Urmston North Unwind,92610,Lostock Road GF,UK - West
SPRING PARK,15139,Spring Park,UK - London
Maida Vale N,44052,St Augustines Church Kilburn,UK - London
O/s The Parish Church Opp 1,96698,ONTIX ASSET ID EAL10352342,UK - London
73155 parallel,95546,Short Lane SF,UK - London
Halstead Town FC Airwave Tower,70337,Halstead Town FC Airwave Tower (ESS064A),UK - South
New CSR VF84181 4G 516775,81963,Cleeve Meadow School,UK - London
Allestree VF,70273,Allestree SEVERN TRENT PUMPING STATION,UK - South
Refresco Gerber Bridgwater,78918,Refresco Gerber Bridgwater,UK - West
OS104 COLNE BRIDGE,15722,E. Bottomley & Sons Ltd,UK - North
Peacehaven Telscombe Cliffs VF,46968,Cornerstone_15495_Voda_46968,UK - South
MK STREET FURNITURE TWENTY THREE,15319,Neath Hill Roundabout SF,UK - South
076262 (039629) Terminal 5 Main Building 1,76262,076262 (040340) Terminal 5 - Inbuilding 1,UK - London
Latham Watkins London,92201,Latham Watkins London,UK - London
J/W Vastern Road next to Station North Interchange,24492,Ontix Asset ID RDG10925806,UK - West
Longbridge Road,37104,ZMX Longbridge Road SF,UK - London
E.E.B. Thaxted,70259,E.E.B. Thaxted - Old EEB Tower (1750vf),UK - South
Sheffield Mosborough,36825,British Oak Public House,UK - North
ST PANCRAS STN,34172,St Pancras Station (OG),UK - London
Gate Street,89188,Gate Street SW,UK - West
053593 St Martins Lane (43493),53593,053593 St Martins Lane (43493),UK - London
Woolwort corporate (enhancer),33966,Woolworth Corporate enhancer,UK - London
Eastbrook DAS Lite Pilot,96820,Eastbrook DAS Lite Pilot,UK - South
Maltby West 2,75478,SW on Grass Verge nr Harvest Close,UK - North
Balnaguard BBC,3842,Balnaguard,UK - North
Brompton Road BTSA Trial Pico,80859,BT Phone Box,UK - London
NewRail05-3G Phase 2,33729,Manor Farm 2,UK - South
Claygate,3915,Z Barwell Court Farm,UK - London
Hellaby Beacon,75317,Hellaby Industrial Estate Arqiva,UK - North
Alder Forest West Unwind PYLON,91689,ZQ033 UW,UK - West
Dundee,2590,Water Tower,UK - North
Forkhill,75886,Forkill T.E,UK - North
VF33505,72536,Bupa House,UK - London